Astronomical Name,Distance from earth,Universe
Twin Quasar,3308826,Kyle
QSR J1819,2122688,Other
CTA-102,8753456,Yuvam
CID-42,3620403,Michelle
TON 618,5261537,Universalis
Einstein Cross,4592083,Universalis
Triple Quasar,3247029,Universalis
Cloverleaf,7557659,Universalis
Teacup Galaxy,4982967,Universalis
QSO B-1359,5111280,Universalis
Webster LQG,1863878,Universalis
Huge-LQG,8405239,Universalis
3C279,8264186,Universalis
3C179,3602707,Universalis
3C216,7517008,Universalis
3C273,2547184,Universalis
3C9,422243,Universalis
UHZ1,8941072,Universalis
RD300,4531410,Universalis
SMSS J2157,5878316,Universalis
Cartwheel Galaxy,1450558,Universalis
Antennae Galaxies,7849185,Universalis
Cosmos Redshift 7,8453227,Universalis
Dusty Hand Galaxy,5121744,Universalis
Blinking Galaxy,7105682,Universalis
Large Magellanic Cloud,597608,Universalis
Medusa Merger,5099020,Universalis
Triangulum Galaxy,3390647,Universalis
Wolf-Lundmark-Melotte,4807185,Universalis
Pinwheel Galaxy,9170469,Universalis
Butterfly Galaxies,2733018,Universalis
Coma Pinwheel Galaxy,7460555,Universalis
Sunflower Galaxy,3956438,Universalis
Eye of God,7677805,Universalis
Sombrero Galaxy,3373623,Universalis
Porpoise Galaxy,2586670,Universalis
Southern Pinwheel Galaxy,5943950,Universalis
Grasshopper,2662281,Universalis
Milky Way,1213121,Universalis
Needle Galaxy,3009019,Universalis
Sculptor Dwarf Galaxy,9737557,Universalis
Hockey Stick Galaxies,707014,Universalis
Topsy Turvy Galaxy,1123629,Universalis
Starfish Galaxy,7596416,Universalis
Helix Galaxy,7311714,Universalis
Backward Galaxy,1338966,Universalis
Hoag's Object,9490392,Universalis
Condor Galaxy,9240350,Universalis
Malin 1,1244917,Universalis
Tadpole Galaxy,1652223,Universalis
Spiderweb Galaxy,1818408,Universalis
Mayall's Object,3934907,Universalis
Knife Edge Galaxy,7260177,Universalis
Lindsay-Shapley Ring,3940301,Universalis
Spider Galaxy,3568894,Universalis
Comet Galaxy,903787,Universalis
Bear Paw Galaxy,7689350,Universalis
Cigar Galaxy,8892479,Universalis
Bode's Galaxy,1245874,Universalis
Barnard's Galaxy,4235549,Universalis
Whale Galaxy,6062366,Universalis
Fireworks Galaxy,5960495,Universalis
Black Eye Galaxy,2503021,Universalis
Little Sombrero Galaxy,809095,Universalis
Skyrocket Galaxy,6857176,Universalis
Andromeda Galaxy,389401,Universalis
Peekaboo Galaxy,5489786,Universalis
Mice Galaxies,3834457,Universalis
Hidden Galaxy,232207,Universalis
Sculptor Galaxy,4260247,Universalis
Meathook Galaxy,655093,Universalis
Eye of Sauron,2051912,Universalis
UFO Galaxy,9498715,Universalis
Paramecium Galaxy,9977214,Universalis
Alcyoneus,9711893,Universalis
Circinus Galaxy,8123637,Universalis
Small Magellanic Cloud,4646992,Universalis
Fried Egg Galaxy,3979348,Universalis
Porphyrion,6075562,Universalis
Godzilla Galaxy,9158395,Universalis
Cocoon Galaxy,1866698,Universalis
Whirlpool Galaxy,6967133,Universalis
11 Com,8485703,Universalis
11 UMi,9218966,Universalis
14 And,4597793,Universalis
14 Her,5420190,Universalis
16 Cyg B,4261925,Universalis
17 Sco,89448,Universalis
18 Del,3121707,Universalis
1RXS J160929.1-210524,8716540,Universalis
24 Boo,4251536,Universalis
24 Sex,6922707,Universalis
2MASS J04372171+2651014,5971842,Universalis
2MASS J01033563-5515561 A,2681359,Universalis
2MASS J01225093-2439505,6864968,Universalis
2MASS J02192210-3925225,4428722,Universalis
2MASS J0249-0557 A,9281735,Universalis
2MASS J03590986+2009361,9193926,Universalis
2MASS J04414489+2301513,1451815,Universalis
2MASS J11011926-7732383,4959641,Universalis
2MASS J11550485-7919108,916697,Universalis
2MASS J12073346-3932539,6391930,Universalis
2MASS J19383260+4603591,8919261,Universalis
2MASS J21252752-8138278,3745425,Universalis
2MASS J22362452+4751425,2699013,Universalis
30 Ari B,5363781,Universalis
4 UMa,4516537,Universalis
42 Dra,7084240,Universalis
47 UMa,7887664,Universalis
51 Eri,4869994,Universalis
51 Peg,3124162,Universalis
55 Cnc,71446,Universalis
6 Lyn,7785926,Universalis
61 Vir,9412524,Universalis
7 CMa,8305890,Universalis
70 Vir,6175447,Universalis
75 Cet,5642445,Universalis
8 UMi,1981126,Universalis
81 Cet,2870593,Universalis
91 Aqr,1860716,Universalis
AB Aur,5510187,Universalis
AB Pic,4231407,Universalis
AF Lep,3519392,Universalis
AU Mic,7473030,Universalis
BD+03 2562,9485477,Universalis
BD+14 4559,3208014,Universalis
BD+15 2375,8156934,Universalis
BD+15 2940,1608931,Universalis
BD+20 2457,5398201,Universalis
BD+20 274,7232544,Universalis
BD+20 594,1164486,Universalis
BD+45 564,1465979,Universalis
BD+48 738,9538760,Universalis
BD+48 740,9178732,Universalis
BD+49 828,8992196,Universalis
BD+55 362,4902780,Universalis
BD+60 1417,1603414,Universalis
BD+63 1405,3466230,Universalis
BD-06 1339,8375299,Universalis
BD-08 2823,213741,Universalis
BD-10 3166,5914502,Universalis
BD-11 4672,877966,Universalis
BD-13 2130,7163122,Universalis
BD-14 3065 A,1834704,Universalis
BD-17 63,9080772,Universalis
BD-210397,9755080,Universalis
Barnard's star,6980003,Universalis
CD Cet,1060204,Universalis
CFBDSIR J145829+101343,5372529,Universalis
CFHTWIR-Oph 98 A,9586083,Universalis
CHXR 73,4697900,Universalis
CI Tau,4864335,Universalis
COCONUTS-2 A,4148467,Universalis
CT Cha,8643764,Universalis
CoRoT-1,3835997,Universalis
CoRoT-10,120035,Universalis
CoRoT-11,6421983,Universalis
CoRoT-12,9987053,Universalis
CoRoT-13,8713625,Universalis
CoRoT-14,4156535,Universalis
CoRoT-16,3150528,Universalis
CoRoT-17,6080308,Universalis
CoRoT-18,4792438,Universalis
CoRoT-19,339020,Universalis
CoRoT-2,7219442,Universalis
CoRoT-20,6250165,Universalis
CoRoT-21,8221608,Universalis
CoRoT-22,4450187,Universalis
CoRoT-23,8388507,Universalis
CoRoT-24,6054518,Universalis
CoRoT-25,3559494,Universalis
CoRoT-26,1016622,Universalis
CoRoT-27,3950702,Universalis
CoRoT-28,9592292,Universalis
CoRoT-29,1857786,Universalis
CoRoT-3,7265705,Universalis
CoRoT-30,7193142,Universalis
CoRoT-31,7647144,Universalis
CoRoT-35,2602905,Universalis
CoRoT-36,7722907,Universalis
CoRoT-4,37527,Universalis
CoRoT-5,9397415,Universalis
CoRoT-6,8105726,Universalis
CoRoT-7,2663338,Universalis
CoRoT-8,4592665,Universalis
CoRoT-9,1251328,Universalis
CoRoTID 223977153,4682868,Universalis
DE CVn,5421273,Universalis
DENIS-P J082303.1-491201,4295368,Universalis
DH Tau,2681336,Universalis
DMPP-1,2874119,Universalis
DMPP-2,3354875,Universalis
DMPP-3 A,405377,Universalis
DMPP-4,7656769,Universalis
DP Leo,8351578,Universalis
DS Tuc A,662534,Universalis
EPIC 201170410,2866217,Universalis
EPIC 201238110,2941752,Universalis
EPIC 201427007,9221980,Universalis
EPIC 201497682,7289278,Universalis
EPIC 201595106,695541,Universalis
K2-166,3033828,Universalis
K2-16,4622755,Universalis
EPIC 201757695,3557479,Universalis
K2-50,5888403,Universalis
EPIC 201841433,3896821,Universalis
K2-168,3761897,Universalis
EPIC 206024342,4710197,Universalis
EPIC 206032309,194740,Universalis
EPIC 206042996,103197,Universalis
EPIC 206215704,4744280,Universalis
EPIC 206317286,2693152,Universalis
EPIC 211822797,151980,Universalis
EPIC 211945201,4284097,Universalis
EPIC 212297394,3548014,Universalis
EPIC 212424622,8305177,Universalis
EPIC 212499991,1394658,Universalis
EPIC 212587672,7573706,Universalis
EPIC 212624936,638695,Universalis
EPIC 212737443,4246074,Universalis
EPIC 220492298,6162159,Universalis
K2-282,4905222,Universalis
EPIC 220674823,6726925,Universalis
EPIC 228836835,3613748,Universalis
EPIC 229004835,1055325,Universalis
EPIC 246851721,5630258,Universalis
EPIC 248847494,3554397,Universalis
EPIC 249893012,5690022,Universalis
FU Tau,4519284,Universalis
G 196-3,7288250,Universalis
G 264-012,9744780,Universalis
G 9-40,9310194,Universalis
GJ 1002,2746402,Universalis
GJ 1061,6221239,Universalis
GJ 1132,1659167,Universalis
GJ 1148,3071951,Universalis
GJ 1151,4485994,Universalis
GJ 1214,6940844,Universalis
GJ 1252,94567,Universalis
GJ 1265,3292026,Universalis
GJ 143,1254605,Universalis
GJ 15 A,1398014,Universalis
GJ 160.2,8649076,Universalis
GJ 163,9194260,Universalis
GJ 179,2661522,Universalis
GJ 180,980397,Universalis
GJ 2030,1014874,Universalis
GJ 2056,344873,Universalis
GJ 229,7744178,Universalis
GJ 238,9817006,Universalis
GJ 251,7187873,Universalis
GJ 27.1,9397418,Universalis
GJ 273,1843833,Universalis
GJ 3021,3929254,Universalis
GJ 3082,8438594,Universalis
GJ 3090,8267614,Universalis
GJ 3138,3947651,Universalis
GJ 317,2698923,Universalis
GJ 3222,2619776,Universalis
GJ 328,88694,Universalis
GJ 3293,8483404,Universalis
GJ 3323,8295479,Universalis
GJ 3341,816752,Universalis
GJ 338 B,8695680,Universalis
GJ 3470,2547259,Universalis
GJ 3473,1159163,Universalis
GJ 3512,792219,Universalis
GJ 357,397295,Universalis
GJ 3634,6535384,Universalis
GJ 367,9340741,Universalis
GJ 3779,9069908,Universalis
GJ 3929,5512037,Universalis
GJ 393,4678245,Universalis
GJ 3942,1919996,Universalis
GJ 3988,8158278,Universalis
GJ 3998,1600913,Universalis
GJ 411,5668359,Universalis
GJ 414 A,281744,Universalis
GJ 422,3854096,Universalis
GJ 4276,4509642,Universalis
GJ 433,9581852,Universalis
GJ 436,4344849,Universalis
GJ 463,8769720,Universalis
GJ 480,7079235,Universalis
GJ 486,3756843,Universalis
GJ 504,367068,Universalis
GJ 514,7101398,Universalis
GJ 536,6486014,Universalis
GJ 581,9835542,Universalis
GJ 625,1072041,Universalis
GJ 649,6721724,Universalis
GJ 667 C,4422444,Universalis
GJ 674,9814884,Universalis
GJ 676 A,9941874,Universalis
GJ 680,6979162,Universalis
GJ 682,1919001,Universalis
GJ 685,9333791,Universalis
GJ 687,2698831,Universalis
GJ 720 A,2699836,Universalis
GJ 724,808109,Universalis
GJ 740,8551282,Universalis
GJ 806,5331854,Universalis
GJ 832,6796878,Universalis
GJ 849,6504313,Universalis
GJ 86,8081622,Universalis
GJ 876,6274408,Universalis
GJ 887,8067692,Universalis
GJ 896 A,2330898,Universalis
GJ 900 A,9943343,Universalis
GJ 9066,3565114,Universalis
GJ 9404,2608376,Universalis
GJ 96,7675685,Universalis
GJ 9689,5338374,Universalis
GJ 9714,7246615,Universalis
GJ 9827,4755578,Universalis
GPX-1,7110961,Universalis
GQ Lup,5955035,Universalis
GSC 06214-00210,2978634,Universalis
GU Psc,9939214,Universalis
Gaia-1,7595070,Universalis
Gaia-2,2439379,Universalis
Gaia22dkvL,8493302,Universalis
Gl 378,5895689,Universalis
Gl 49,2297187,Universalis
Gl 686,585447,Universalis
Gliese 12,5874817,Universalis
HAT-P-1,7863788,Universalis
HAT-P-11,8359437,Universalis
HAT-P-12,356458,Universalis
HAT-P-13,625481,Universalis
HAT-P-14,3726439,Universalis
HAT-P-15,7401796,Universalis
HAT-P-16,5943428,Universalis
HAT-P-17,2557065,Universalis
HAT-P-18,3204509,Universalis
HAT-P-19,8512849,Universalis
HAT-P-2,7192246,Universalis
HAT-P-20,1261766,Universalis
HAT-P-21,6405282,Universalis
HAT-P-22,1558338,Universalis
HAT-P-23,5628352,Universalis
HAT-P-24,3782597,Universalis
HAT-P-25,2422471,Universalis
HAT-P-26,1637731,Universalis
HAT-P-27,6846682,Universalis
HAT-P-28,7841267,Universalis
HAT-P-29,7260401,Universalis
HAT-P-3,2227968,Universalis
HAT-P-30,7009747,Universalis
HAT-P-31,7890956,Universalis
HAT-P-32,336241,Universalis
HAT-P-33,3381380,Universalis
HAT-P-34,1162875,Universalis
HAT-P-35,529999,Universalis
HAT-P-36,2880525,Universalis
HAT-P-37,9166388,Universalis
HAT-P-38,667407,Universalis
HAT-P-39,9704586,Universalis
HAT-P-4,8426447,Universalis
HAT-P-40,7704783,Universalis
HAT-P-41,8776863,Universalis
HAT-P-42,1802008,Universalis
HAT-P-43,2742328,Universalis
HAT-P-44,4557387,Universalis
HAT-P-45,8512706,Universalis
HAT-P-46,7988066,Universalis
HAT-P-49,5402814,Universalis
HAT-P-5,7151466,Universalis
HAT-P-50,6505750,Universalis
HAT-P-51,8354080,Universalis
HAT-P-52,4532993,Universalis
HAT-P-53,9967180,Universalis
HAT-P-54,2818832,Universalis
HAT-P-55,3029641,Universalis
HAT-P-56,9710956,Universalis
HAT-P-57,549762,Universalis
HAT-P-58,7730406,Universalis
HAT-P-59,6824966,Universalis
HAT-P-6,9934012,Universalis
HAT-P-60,4717939,Universalis
HAT-P-61,8518320,Universalis
HAT-P-62,4112459,Universalis
HAT-P-63,283195,Universalis
HAT-P-64,7603326,Universalis
HAT-P-65,5882529,Universalis
HAT-P-66,1611236,Universalis
HAT-P-67,7849697,Universalis
HAT-P-68,5198119,Universalis
HAT-P-69,9648812,Universalis
HAT-P-7,7216289,Universalis
HAT-P-70,2944242,Universalis
HAT-P-8,3456210,Universalis
HAT-P-9,3980330,Universalis
HATS-1,7653819,Universalis
HATS-10,8351901,Universalis
HATS-11,351101,Universalis
HATS-12,564181,Universalis
HATS-13,3020879,Universalis
HATS-14,495151,Universalis
HATS-15,8998626,Universalis
HATS-16,2365748,Universalis
HATS-17,2604466,Universalis
HATS-18,1639584,Universalis
HATS-2,1037333,Universalis
HATS-22,2039666,Universalis
HATS-23,5514733,Universalis
HATS-24,7550240,Universalis
HATS-25,8927239,Universalis
HATS-26,1741674,Universalis
HATS-27,6284807,Universalis
HATS-28,5764771,Universalis
HATS-29,5861958,Universalis
HATS-3,1492519,Universalis
HATS-30,2539574,Universalis
HATS-31,5544232,Universalis
HATS-32,2840560,Universalis
HATS-33,6935971,Universalis
HATS-34,8650789,Universalis
HATS-35,3612446,Universalis
HATS-36,5910581,Universalis
HATS-37 A,7040384,Universalis
HATS-38,4534180,Universalis
HATS-39,4881783,Universalis
HATS-4,3474884,Universalis
HATS-40,5883605,Universalis
HATS-41,1284628,Universalis
HATS-42,9940098,Universalis
HATS-43,5248023,Universalis
HATS-44,9082767,Universalis
HATS-45,8671385,Universalis
HATS-46,4472420,Universalis
HATS-47,4481068,Universalis
HATS-48 A,6000004,Universalis
HATS-49,9484184,Universalis
HATS-5,457004,Universalis
HATS-50,5932315,Universalis
HATS-51,3617577,Universalis
HATS-52,3124277,Universalis
HATS-53,5763941,Universalis
HATS-54,5652525,Universalis
HATS-55,7847410,Universalis
HATS-56,8951990,Universalis
HATS-57,1886119,Universalis
HATS-58 A,6099637,Universalis
HATS-59,7358790,Universalis
HATS-6,4642453,Universalis
HATS-60,511849,Universalis
HATS-61,18899,Universalis
HATS-62,1589450,Universalis
HATS-63,3268923,Universalis
HATS-64,1134222,Universalis
HATS-65,2130499,Universalis
HATS-66,1039979,Universalis
HATS-67,4357674,Universalis
HATS-68,7958711,Universalis
HATS-69,9295523,Universalis
HATS-7,9709012,Universalis
HATS-70,4675678,Universalis
HATS-71,7565797,Universalis
HATS-72,3985511,Universalis
HATS-74 A,7870117,Universalis
HATS-75,7252080,Universalis
HATS-76,3511133,Universalis
HATS-77,69803,Universalis
HATS-8,9889795,Universalis
HATS-9,9126016,Universalis
HD 100546,7945015,Universalis
HD 100655,4814240,Universalis
HD 100777,6533044,Universalis
HIP 56998,4658025,Universalis
HD 10180,7497937,Universalis
HD 101930,9704049,Universalis
HD 102117,1730724,Universalis
HD 102195,5482567,Universalis
HD 102272,1625519,Universalis
HD 102329,6085496,Universalis
HD 102365,5940465,Universalis
HD 102843,8164356,Universalis
HD 102956,4481865,Universalis
HD 103197,8605958,Universalis
HD 103720,1346217,Universalis
HD 103774,304076,Universalis
HD 103891,9148685,Universalis
HD 103949,3725292,Universalis
HD 104067,2879485,Universalis
HD 10442,9571807,Universalis
HD 104985,9536757,Universalis
HD 105618,9788671,Universalis
HD 105779,7574628,Universalis
HD 106252,4643729,Universalis
HD 106270,7169708,Universalis
HD 106315,1119553,Universalis
HD 10647,8292751,Universalis
HD 106515 A,4841975,Universalis
HD 106906,7366719,Universalis
HD 10697,7765591,Universalis
HD 107148,5937352,Universalis
HD 108147,2732134,Universalis
HD 108202,1539132,Universalis
HD 108236,8307326,Universalis
HD 108341,2383441,Universalis
HD 108863,1434180,Universalis
HD 108874,8277675,Universalis
HD 109246,7017153,Universalis
HD 109271,5531163,Universalis
HD 109286,1267690,Universalis
HD 109749,5630410,Universalis
HD 10975,8951421,Universalis
HD 109833,4733038,Universalis
HD 109988,229994,Universalis
HD 89744,2221382,Universalis
HD 89839,5412298,Universalis
HD 90156,2962683,Universalis
HD 9174,5252678,Universalis
HD 92788,9226813,Universalis
HD 93083,5593748,Universalis
HD 93351,8405707,Universalis
HD 93385,9194406,Universalis
HD 93963 A,4990051,Universalis
HD 9446,9454605,Universalis
HD 94771,153916,Universalis
HD 94834,4266856,Universalis
HD 95086,8491137,Universalis
HD 95089,4877021,Universalis
HD 95127,3595360,Universalis
HD 95338,8924538,Universalis
HD 95544,8243969,Universalis
HD 95872,6482268,Universalis
HD 96063,9275481,Universalis
HD 96127,5517130,Universalis
HD 96167,7193310,Universalis
HD 96700,6862212,Universalis
HD 96992,1987401,Universalis
HD 97037,4958930,Universalis
HD 97048,3626085,Universalis
HD 97658,9599828,Universalis
HD 98219,845449,Universalis
HD 98649,5937750,Universalis
HD 98736,2311750,Universalis
HD 99109,8115446,Universalis
HD 99283,4210366,Universalis
HD 99492,6715592,Universalis
HD 99706,5569690,Universalis
HIP 105854,6245090,Universalis
HIP 107772,6477340,Universalis
HIP 107773,8194847,Universalis
HIP 109384,8436944,Universalis
HIP 109600,5641426,Universalis
HIP 113103,105243,Universalis
HIP 114933,4603396,Universalis
HIP 116454,7420712,Universalis
HIP 12961,5842947,Universalis
HIP 14810,3599886,Universalis
HIP 19976,4212920,Universalis
HIP 21152,7355053,Universalis
HD 42813,5764636,Universalis
HIP 34222,3844709,Universalis
HIP 35173,4345506,Universalis
HIP 35965,3570871,Universalis
HIP 38594,1905462,Universalis
HIP 39017,7647295,Universalis
HIP 41378,6894440,Universalis
HIP 4845,7891072,Universalis
HIP 48714,2537683,Universalis
HIP 5158,4392312,Universalis
HIP 54373,1860556,Universalis
HIP 54597,1643866,Universalis
HIP 55507,423991,Universalis
HIP 56640,1760685,Universalis
HIP 57274,4436139,Universalis
HIP 5763,8154099,Universalis
HIP 63242,4563883,Universalis
HIP 65 A,1938237,Universalis
HIP 65407,5101326,Universalis
HIP 65426,7263750,Universalis
HIP 65891,7685044,Universalis
HIP 66074,4011066,Universalis
HIP 67522,1329309,Universalis
HIP 67537,7935480,Universalis
HIP 67851,547312,Universalis
HIP 70849,7380895,Universalis
HIP 71135,4301409,Universalis
HIP 74890,2351745,Universalis
HIP 75092,96613,Universalis
HIP 77900,7047341,Universalis
HIP 78530,5144416,Universalis
HIP 79098 AB,234449,Universalis
HIP 79431,7609084,Universalis
HIP 81208 C,2718434,Universalis
HIP 8152,2535985,Universalis
HIP 8541,5767651,Universalis
HIP 86221,1405524,Universalis
HIP 90988,4753653,Universalis
HIP 91258,526827,Universalis
HIP 94235,8838368,Universalis
HIP 948,9177899,Universalis
HIP 9618,3328971,Universalis
HIP 97166,4416644,Universalis
HIP 97233,2510995,Universalis
HIP 99770,9317935,Universalis
HN Lib,796412,Universalis
HN Peg,2981714,Universalis
HR 2562,9446836,Universalis
HR 5183,7853436,Universalis
HR 810,5255918,Universalis
HR 858,6132348,Universalis
HR 8799,1983030,Universalis
HS Psc,394593,Universalis
HU Aqr,3231659,Universalis
IC 4651 9122,704286,Universalis
IRAS 04125+2902,8237082,Universalis
ITG 15 A,1427513,Universalis
K2-10,7897957,Universalis
K2-100,9494048,Universalis
K2-101,2128769,Universalis
K2-102,7118723,Universalis
K2-104,2987982,Universalis
K2-105,3343227,Universalis
K2-107,3335431,Universalis
K2-108,9799523,Universalis
K2-11,625654,Universalis
K2-110,9066042,Universalis
K2-111,8951921,Universalis
K2-113,5644057,Universalis
K2-114,4346698,Universalis
K2-115,6082403,Universalis
K2-116,283809,Universalis
K2-117,4635996,Universalis
K2-118,6079908,Universalis
K2-119,8968310,Universalis
K2-12,6144368,Universalis
K2-121,9137368,Universalis
K2-122,7637760,Universalis
K2-123,5897079,Universalis
K2-124,2191113,Universalis
K2-125,924032,Universalis
K2-126,7719319,Universalis
K2-127,4822690,Universalis
K2-128,720751,Universalis
K2-129,9243969,Universalis
K2-13,8551531,Universalis
K2-130,5104424,Universalis
K2-131,9055230,Universalis
K2-132,8201474,Universalis
K2-133,8692954,Universalis
K2-136,6623860,Universalis
K2-137,6140027,Universalis
K2-138,4248957,Universalis
K2-139,7850509,Universalis
K2-14,5932560,Universalis
K2-140,3592134,Universalis
K2-141,3120374,Universalis
K2-146,3995674,Universalis
K2-147,9841737,Universalis
K2-148,8593258,Universalis
K2-149,8358950,Universalis
K2-15,8153843,Universalis
K2-150,3432106,Universalis
K2-151,1929671,Universalis
K2-152,8829249,Universalis
K2-153,2435908,Universalis
K2-154,1608878,Universalis
K2-155,2107121,Universalis
K2-156,8541099,Universalis
K2-157,2629237,Universalis
K2-158,5966523,Universalis
K2-159,1679674,Universalis
K2-160,3068083,Universalis
K2-161,2722296,Universalis
K2-162,9363427,Universalis
K2-163,4070893,Universalis
K2-164,7290946,Universalis
K2-165,8888069,Universalis
K2-167,3125419,Universalis
K2-169,3394900,Universalis
K2-17,8144058,Universalis
K2-170,1842328,Universalis
K2-171,4098895,Universalis
K2-172,2062641,Universalis
K2-173,4344568,Universalis
K2-174,9365750,Universalis
K2-175,6430793,Universalis
K2-176,1275080,Universalis
K2-177,4957660,Universalis
K2-178,555622,Universalis
K2-179,3197501,Universalis
K2-18,3675690,Universalis
K2-180,409758,Universalis
K2-181,6700736,Universalis
K2-182,3307670,Universalis
K2-183,3936850,Universalis
K2-184,6490310,Universalis
K2-185,6876967,Universalis
K2-186,3273921,Universalis
K2-187,439628,Universalis
K2-188,4989367,Universalis
K2-189,4947343,Universalis
K2-19,7778720,Universalis
K2-190,5020420,Universalis
K2-191,826129,Universalis
K2-192,1818120,Universalis
K2-193,6443886,Universalis
K2-194,4398730,Universalis
K2-195,7433976,Universalis
K2-196,5907416,Universalis
K2-197,7270329,Universalis
K2-198,7615093,Universalis
K2-199,7212978,Universalis
K2-200,5789989,Universalis
K2-201,1069233,Universalis
K2-2016-BLG-0005L,2514477,Universalis
K2-202,9344204,Universalis
K2-203,61526,Universalis
K2-204,1918401,Universalis
K2-205,6932503,Universalis
K2-206,7922059,Universalis
K2-207,2931825,Universalis
K2-208,6585624,Universalis
K2-209,1077517,Universalis
K2-21,519294,Universalis
K2-210,5892164,Universalis
K2-211,7324021,Universalis
K2-212,4224807,Universalis
K2-213,3712411,Universalis
K2-214,5703638,Universalis
K2-215,8235238,Universalis
K2-216,4361888,Universalis
K2-217,7453667,Universalis
K2-218,8172681,Universalis
K2-219,3605906,Universalis
K2-22,6215513,Universalis
K2-220,9218660,Universalis
K2-221,1862760,Universalis
K2-222,5570844,Universalis
K2-223,982724,Universalis
K2-224,3855960,Universalis
K2-225,1554833,Universalis
K2-226,6323245,Universalis
K2-227,9691085,Universalis
K2-228,5236936,Universalis
K2-229,5295346,Universalis
K2-230,4490451,Universalis
K2-231,3941229,Universalis
K2-232,3285056,Universalis
K2-233,5648073,Universalis
K2-237,5357127,Universalis
K2-238,4484504,Universalis
K2-239,8099026,Universalis
K2-24,1608600,Universalis
K2-240,7030191,Universalis
K2-241,1315160,Universalis
K2-242,7946896,Universalis
K2-243,2851766,Universalis
K2-244,5957525,Universalis
K2-245,8232890,Universalis
K2-246,5617246,Universalis
K2-247,1340728,Universalis
K2-248,7705345,Universalis
K2-249,3466106,Universalis
K2-25,3294555,Universalis
K2-250,81723,Universalis
K2-251,3333148,Universalis
K2-252,5530901,Universalis
K2-253,8992096,Universalis
K2-254,3682808,Universalis
K2-255,6756617,Universalis
K2-257,9412194,Universalis
K2-258,2661914,Universalis
K2-259,7789121,Universalis
K2-26,7585380,Universalis
K2-260,3939058,Universalis
K2-261,4159234,Universalis
K2-263,4715084,Universalis
K2-264,4705892,Universalis
K2-265,8741522,Universalis
K2-266,7454499,Universalis
K2-268,1796594,Universalis
K2-269,8689525,Universalis
K2-27,8304099,Universalis
K2-270,3152671,Universalis
K2-271,7110021,Universalis
K2-272,682397,Universalis
K2-273,5728138,Universalis
K2-274,5396645,Universalis
K2-275,8860468,Universalis
K2-276,7811126,Universalis
K2-277,4607774,Universalis
K2-278,696466,Universalis
K2-279,5281384,Universalis
K2-28,845944,Universalis
K2-280,6843788,Universalis
K2-281,73312,Universalis
K2-283,4018957,Universalis
K2-284,6167887,Universalis
K2-285,5199584,Universalis
K2-286,2341151,Universalis
K2-287,1638308,Universalis
K2-288 B,276513,Universalis
K2-289,7099221,Universalis
K2-29,4802522,Universalis
K2-290,2393949,Universalis
K2-291,9402873,Universalis
K2-292,2862662,Universalis
K2-293,8885528,Universalis
K2-294,5439723,Universalis
K2-295,3932113,Universalis
K2-3,8432778,Universalis
K2-30,1520391,Universalis
K2-308,4863493,Universalis
K2-31,474954,Universalis
HD 80653,1313189,Universalis
K2-315,1397809,Universalis
K2-316,602957,Universalis
K2-317,7143046,Universalis
K2-318,5068129,Universalis
K2-319,534229,Universalis
K2-32,8681867,Universalis
K2-320,9082464,Universalis
K2-321,527001,Universalis
K2-322,3584306,Universalis
K2-323,1118124,Universalis
K2-324,4068637,Universalis
K2-325,8936307,Universalis
K2-326,4585340,Universalis
K2-329,9727768,Universalis
K2-33,2218585,Universalis
K2-330,4484910,Universalis
K2-331,1483172,Universalis
K2-332,2506336,Universalis
K2-333,6287111,Universalis
K2-334,5593351,Universalis
K2-335,4278368,Universalis
K2-336,8483791,Universalis
K2-337,8897996,Universalis
K2-338,6286331,Universalis
K2-339,8456053,Universalis
K2-34,4021492,Universalis
K2-340,6248556,Universalis
K2-341,6799347,Universalis
K2-342,6368862,Universalis
K2-343,6919588,Universalis
K2-344,48792,Universalis
K2-345,7476437,Universalis
K2-346,1041576,Universalis
K2-347,9001066,Universalis
K2-348,5228797,Universalis
K2-349,4873059,Universalis
K2-35,6497614,Universalis
K2-350,1680987,Universalis
K2-351,119138,Universalis
K2-352,9885443,Universalis
K2-353,1762111,Universalis
K2-354,1431497,Universalis
K2-355,8546227,Universalis
K2-356,7730144,Universalis
K2-357,282060,Universalis
K2-358,1529467,Universalis
K2-36,6250060,Universalis
K2-365,4152448,Universalis
K2-366,3168061,Universalis
K2-367,1375504,Universalis
K2-368,6404624,Universalis
K2-369,8203159,Universalis
K2-37,5333245,Universalis
K2-370,9297783,Universalis
K2-371,4036145,Universalis
K2-372,7701775,Universalis
K2-373,7835493,Universalis
K2-374,2303408,Universalis
K2-375,6611884,Universalis
K2-376,6935285,Universalis
K2-377,7153196,Universalis
K2-378,1107985,Universalis
K2-379,56748,Universalis
K2-38,1894856,Universalis
K2-380,6992018,Universalis
K2-381,9058037,Universalis
K2-382,3341487,Universalis
K2-383,1664271,Universalis
K2-384,7743866,Universalis
K2-385,5048282,Universalis
K2-386,6157026,Universalis
K2-387,5437089,Universalis
K2-388,9154793,Universalis
K2-389,3350830,Universalis
K2-39,2431556,Universalis
K2-390,5732807,Universalis
K2-391,5256399,Universalis
K2-392,4227703,Universalis
K2-393,2623040,Universalis
K2-394,7310225,Universalis
K2-395,9885022,Universalis
K2-396,9522993,Universalis
K2-397,3658280,Universalis
K2-398,611146,Universalis
K2-4,1955481,Universalis
K2-400,4864554,Universalis
K2-401,212706,Universalis
K2-402,8883295,Universalis
K2-403,9877346,Universalis
K2-404,8009778,Universalis
K2-405,4230425,Universalis
K2-406,2119397,Universalis
K2-407,2418254,Universalis
K2-408,1142706,Universalis
K2-409,799214,Universalis
K2-411,3295569,Universalis
K2-412,9521252,Universalis
K2-413,3275878,Universalis
K2-414,4623050,Universalis
K2-415,2450491,Universalis
K2-416,2102645,Universalis
K2-417,4618122,Universalis
K2-419 A,9729093,Universalis
K2-42,3051664,Universalis
K2-43,9187227,Universalis
K2-44,3102325,Universalis
K2-45,8558448,Universalis
K2-46,882055,Universalis
K2-47,4264161,Universalis
K2-48,8069057,Universalis
K2-49,1643515,Universalis
K2-5,9890174,Universalis
K2-52,7001529,Universalis
K2-53,3985509,Universalis
K2-54,73175,Universalis
K2-55,8897330,Universalis
K2-57,6741486,Universalis
K2-58,1163333,Universalis
K2-59,2365983,Universalis
K2-6,1579567,Universalis
K2-60,9321310,Universalis
K2-61,4434008,Universalis
K2-62,9869614,Universalis
K2-63,1042640,Universalis
K2-64,4582905,Universalis
K2-65,6009417,Universalis
K2-66,5996917,Universalis
K2-68,193752,Universalis
K2-69,6167833,Universalis
K2-7,7225684,Universalis
K2-70,7026287,Universalis
K2-71,6418717,Universalis
K2-72,4191180,Universalis
K2-73,9678827,Universalis
K2-74,401603,Universalis
K2-75,2215214,Universalis
K2-77,3853920,Universalis
K2-79,4788925,Universalis
K2-8,530722,Universalis
K2-80,9853871,Universalis
K2-81,2968772,Universalis
K2-83,6400970,Universalis
K2-84,9137687,Universalis
K2-85,3837509,Universalis
K2-86,4277593,Universalis
K2-87,8779206,Universalis
K2-88,5684184,Universalis
K2-89,523035,Universalis
K2-9,22343,Universalis
K2-90,114882,Universalis
K2-91,8736591,Universalis
K2-95,7393057,Universalis
K2-97,3784872,Universalis
K2-98,7341609,Universalis
K2-99,1284875,Universalis
KELT-1,2282925,Universalis
KELT-10,9732554,Universalis
KELT-11,2978978,Universalis
KELT-12,9450353,Universalis
KELT-14,7247626,Universalis
KELT-15,1861327,Universalis
KELT-16,6849631,Universalis
KELT-17,5075295,Universalis
KELT-18,8559491,Universalis
KELT-19 A,3745542,Universalis
KELT-2 A,9060972,Universalis
KELT-20,4570816,Universalis
KELT-21,5130983,Universalis
KELT-23 A,6471613,Universalis
KELT-24,5802533,Universalis
KELT-3,8545225,Universalis
KELT-4 A,5086722,Universalis
KELT-6,8809226,Universalis
KELT-7,1504697,Universalis
KELT-8,2723217,Universalis
KELT-9,5537457,Universalis
KIC 10001893,79958,Universalis
KIC 10068024,9991665,Universalis
KIC 10525077,5709018,Universalis
KIC 3526061,141419,Universalis
KIC 3558849,7619775,Universalis
KIC 5437945,4810477,Universalis
KIC 5479689,5258775,Universalis
KIC 7917485,4786204,Universalis
KIC 8121913,5215543,Universalis
KOI-7892,4841382,Universalis
KIC 9663113,3898901,Universalis
KMT-2016-BLG-0212L,4457922,Universalis
KMT-2016-BLG-1105L,3212660,Universalis
KMT-2016-BLG-1107L,5187717,Universalis
KMT-2016-BLG-1397L,1561181,Universalis
KMT-2016-BLG-1820L,5405686,Universalis
KMT-2016-BLG-1836L,4378214,Universalis
KMT-2016-BLG-2142L,1010716,Universalis
KMT-2016-BLG-2321L,5212435,Universalis
KMT-2016-BLG-2364L,5585696,Universalis
KMT-2016-BLG-2397L,1659185,Universalis
KMT-2016-BLG-2605L,9541961,Universalis
KMT-2017-BLG-0165L,4663377,Universalis
KMT-2017-BLG-0428L,8739980,Universalis
KMT-2017-BLG-0673L,110019,Universalis
KMT-2017-BLG-1003L,6714300,Universalis
KMT-2017-BLG-1038L,807232,Universalis
KMT-2017-BLG-1146L,6454499,Universalis
KMT-2017-BLG-1194L,838008,Universalis
KMT-2017-BLG-2509L,1745724,Universalis
KMT-2018-BLG-0029L,6275876,Universalis
KMT-2018-BLG-0030L,181728,Universalis
KMT-2018-BLG-0087L,8779800,Universalis
KMT-2018-BLG-0247L,1844683,Universalis
KMT-2018-BLG-0748L,2787924,Universalis
KMT-2018-BLG-0885L,2283344,Universalis
KMT-2018-BLG-1025L,4362714,Universalis
KMT-2018-BLG-1292L,4352180,Universalis
KMT-2018-BLG-1743L,8989063,Universalis
KMT-2018-BLG-1976L,6255445,Universalis
KMT-2018-BLG-1988L,1240626,Universalis
KMT-2018-BLG-1990L,2975787,Universalis
KMT-2018-BLG-1996L,6678681,Universalis
KMT-2018-BLG-2602L,1586468,Universalis
KMT-2019-BLG-0253L,9402823,Universalis
KMT-2019-BLG-0297L,3972604,Universalis
KMT-2019-BLG-0298L,8332199,Universalis
KMT-2019-BLG-0335L,6724894,Universalis
KMT-2019-BLG-0371L,7695972,Universalis
KMT-2019-BLG-0414L,969075,Universalis
KMT-2019-BLG-0842L,6662087,Universalis
KMT-2019-BLG-0953L,5876750,Universalis
KMT-2019-BLG-1042L,2557587,Universalis
KMT-2019-BLG-1216L,3616469,Universalis
KMT-2019-BLG-1339L,6646423,Universalis
KMT-2019-BLG-1367L,4427068,Universalis
KMT-2019-BLG-1552L,6850073,Universalis
KMT-2019-BLG-1715L,2769623,Universalis
KMT-2019-BLG-1806L,7441831,Universalis
KMT-2019-BLG-1953L,2710942,Universalis
KMT-2019-BLG-2783L,1967530,Universalis
KMT-2019-BLG-2974L,640549,Universalis
KMT-2020-BLG-0414L,7369877,Universalis
KMT-2021-BLG-0119L,9865520,Universalis
KMT-2021-BLG-0171L,3325985,Universalis
KMT-2021-BLG-0192L,3026583,Universalis
KMT-2021-BLG-0240L,5027754,Universalis
KMT-2021-BLG-0320L,5396650,Universalis
KMT-2021-BLG-0322L,8808268,Universalis
KMT-2021-BLG-0712L,5590258,Universalis
KMT-2021-BLG-0748L,4950035,Universalis
KMT-2021-BLG-0909L,4392491,Universalis
KMT-2021-BLG-0912L,6853758,Universalis
KMT-2021-BLG-1077L,7775845,Universalis
KMT-2021-BLG-1105L,3883057,Universalis
KMT-2021-BLG-1150L,1365426,Universalis
KMT-2021-BLG-1253L,7100972,Universalis
KMT-2021-BLG-1303L,3145386,Universalis
KMT-2021-BLG-1372L,3194612,Universalis
KMT-2021-BLG-1391L,6781362,Universalis
KMT-2021-BLG-1547L,5973800,Universalis
KMT-2021-BLG-1554L,3173542,Universalis
KMT-2021-BLG-1689L,116403,Universalis
KMT-2021-BLG-1770L,5641189,Universalis
KMT-2021-BLG-1898L,9591086,Universalis
KMT-2021-BLG-2010L,6658522,Universalis
KMT-2021-BLG-2294L,2769338,Universalis
KMT-2021-BLG-2478L,4366210,Universalis
KMT-2021-BLG-2609L,8394962,Universalis
KMT-2022-BLG-0303L,9117502,Universalis
KMT-2022-BLG-0371L,3493076,Universalis
KMT-2022-BLG-0440L,8648757,Universalis
KMT-2022-BLG-1013L,1974920,Universalis
KMT-2022-BLG-2286L,2083560,Universalis
KMT-2023-BLG-0416L,5282194,Universalis
KMT-2023-BLG-0469L,5695678,Universalis
KMT-2023-BLG-0735L,3944979,Universalis
KMT-2023-BLG-1431L,5546216,Universalis
KMT-2023-BLG-1454L,4497471,Universalis
KMT-2023-BLG-1642L,8986928,Universalis
KMT-2023-BLG-1743L,6007654,Universalis
KMT-2023-BLG-1866L,7412618,Universalis
KMT-2024-BLG-1044L,5935878,Universalis
KOI-12,826413,Universalis
KOI-1257,8165360,Universalis
KOI-13,2422581,Universalis
KOI-142,6982732,Universalis
KOI-1599,4284782,Universalis
KOI-1783,6189589,Universalis
Kepler-324,9142816,Universalis
Kepler-968,585974,Universalis
KOI-217,1835893,Universalis
KOI-2513,2089847,Universalis
KOI-3503,2870318,Universalis
KOI-351,7905212,Universalis
KOI-3680,6206604,Universalis
KOI-4777,9768619,Universalis
KOI-4978,5721709,Universalis
KOI-55,8817552,Universalis
KOI-7368,920915,Universalis
KOI-7913 A,9941652,Universalis
KOI-94,1974184,Universalis
KOI-984,867563,Universalis
KPS-1,1941657,Universalis
Kapteyn,6061098,Universalis
Kepler-10,6645973,Universalis
Kepler-100,4953964,Universalis
Kepler-1000,2123668,Universalis
Kepler-1001,3970334,Universalis
Kepler-1002,2716088,Universalis
Kepler-1003,934366,Universalis
Kepler-1004,3888305,Universalis
Kepler-1005,6149977,Universalis
Kepler-1006,6704618,Universalis
Kepler-1007,28502,Universalis
Kepler-1008,6278636,Universalis
Kepler-1009,841069,Universalis
Kepler-101,8246283,Universalis
Kepler-1010,8781807,Universalis
Kepler-1011,6095707,Universalis
Kepler-1012,6592769,Universalis
Kepler-1013,9517688,Universalis
Kepler-1014,8307010,Universalis
Kepler-1015,7646574,Universalis
Kepler-1016,8798212,Universalis
Kepler-1017,3282193,Universalis
Kepler-1018,4754275,Universalis
Kepler-1019,288201,Universalis
Kepler-102,4781695,Universalis
Kepler-1020,477527,Universalis
Kepler-1021,3656918,Universalis
Kepler-1022,3481555,Universalis
Kepler-1023,4545131,Universalis
Kepler-1024,2226261,Universalis
Kepler-1025,7601644,Universalis
Kepler-1026,398267,Universalis
Kepler-561,9324788,Universalis
Kepler-562,8115532,Universalis
Kepler-563,4444412,Universalis
Kepler-564,7435754,Universalis
Kepler-565,4366944,Universalis
Kepler-566,2398954,Universalis
Kepler-567,4699881,Universalis
Kepler-568,5311787,Universalis
Kepler-569,6161441,Universalis
Kepler-57,9778555,Universalis
Kepler-570,8083357,Universalis
Kepler-571,5562027,Universalis
Kepler-572,3350699,Universalis
Kepler-573,5965041,Universalis
Kepler-574,1536000,Universalis
Kepler-575,6390938,Universalis
Kepler-576,3746348,Universalis
Kepler-577,7926483,Universalis
Kepler-578,9988825,Universalis
Kepler-579,7674688,Universalis
Kepler-58,8565473,Universalis
Kepler-580,6907647,Universalis
Kepler-581,469832,Universalis
Kepler-582,6810553,Universalis
Kepler-583,9425787,Universalis
Kepler-584,5585516,Universalis
Kepler-585,3186894,Universalis
Kepler-586,3579771,Universalis
Kepler-587,4756208,Universalis
Kepler-588,6575714,Universalis
Kepler-589,4482281,Universalis
Kepler-59,5697514,Universalis
Kepler-590,4297861,Universalis
Kepler-591,7871135,Universalis
Kepler-592,3294000,Universalis
Kepler-593,7177747,Universalis
Kepler-594,7526680,Universalis
Kepler-595,809242,Universalis
Kepler-596,5931056,Universalis
Kepler-597,8286419,Universalis
Kepler-598,16501,Universalis
Kepler-599,5903540,Universalis
Kepler-6,4881471,Universalis
Kepler-60,999958,Universalis
Kepler-600,5945572,Universalis
Kepler-601,2455830,Universalis
Kepler-602,9504125,Universalis
Kepler-603,6142413,Universalis
Kepler-604,2141632,Universalis
Kepler-605,1606592,Universalis
Kepler-606,4107893,Universalis
Kepler-607,5301643,Universalis
Kepler-608,972624,Universalis
Kepler-609,958217,Universalis
Kepler-61,3882670,Universalis
Kepler-610,3516085,Universalis
Kepler-611,2797654,Universalis
Kepler-612,4492567,Universalis
Kepler-613,3025729,Universalis
Kepler-614,8214101,Universalis
Kepler-615,4418254,Universalis
Kepler-616,7748964,Universalis
Kepler-617,9193909,Universalis
Kepler-618,8163901,Universalis
Kepler-619,5601391,Universalis
Kepler-62,2443982,Universalis
Kepler-620,2437966,Universalis
Kepler-621,3241899,Universalis
Kepler-622,5642651,Universalis
Kepler-623,5935655,Universalis
Kepler-624,8837771,Universalis
Kepler-625,2681532,Universalis
Kepler-626,5624798,Universalis
Kepler-627,5834803,Universalis
Kepler-629,6449905,Universalis
Kepler-63,8824660,Universalis
Kepler-630,5772845,Universalis
Kepler-631,267891,Universalis
Kepler-632,1206264,Universalis
Kepler-633,473582,Universalis
Kepler-634,8969136,Universalis
Kepler-635,2056664,Universalis
Kepler-636,6478077,Universalis
Kepler-637,6992102,Universalis
Kepler-638,2633844,Universalis
Kepler-639,6239481,Universalis
Kepler-640,3246908,Universalis
Kepler-641,2167242,Universalis
Kepler-642,7964161,Universalis
Kepler-643,6226073,Universalis
Kepler-644,654161,Universalis
Kepler-645,9918017,Universalis
Kepler-646,1604557,Universalis
Kepler-647,6854123,Universalis
Kepler-648,9272083,Universalis
Kepler-649,5032374,Universalis
Kepler-65,8867720,Universalis
Kepler-650,2039743,Universalis
Kepler-651,305555,Universalis
Kepler-652,8651367,Universalis
Kepler-653,6827533,Universalis
Kepler-654,630331,Universalis
Kepler-655,7882639,Universalis
Kepler-656,4264604,Universalis
Kepler-657,6042351,Universalis
Kepler-658,243147,Universalis
Kepler-659,8597460,Universalis
Kepler-66,2165342,Universalis
Kepler-660,1720265,Universalis
Kepler-661,4300995,Universalis
Kepler-662,6894151,Universalis
Kepler-663,7947985,Universalis
Kepler-664,2364596,Universalis
Kepler-665,8482771,Universalis
Kepler-666,6078090,Universalis
Kepler-667,5291652,Universalis
Kepler-668,5417004,Universalis
Kepler-669,5927839,Universalis
Kepler-67,6447347,Universalis
Kepler-670,1092089,Universalis
Kepler-671,8571110,Universalis
Kepler-672,8118801,Universalis
Kepler-673,6816156,Universalis
Kepler-674,580739,Universalis
Kepler-675,9142309,Universalis
Kepler-676,7479094,Universalis
Kepler-677,7913062,Universalis
Kepler-678,3189200,Universalis
Kepler-679,3369374,Universalis
Kepler-68,6374337,Universalis
Kepler-680,2596177,Universalis
Kepler-681,3100270,Universalis
Kepler-682,492559,Universalis
Kepler-683,3616425,Universalis
Kepler-684,6763862,Universalis
Kepler-685,3344454,Universalis
Kepler-686,4941295,Universalis
Kepler-687,1808858,Universalis
Kepler-688,1066304,Universalis
Kepler-689,3779640,Universalis
Kepler-69,823656,Universalis
Kepler-690,2827155,Universalis
Kepler-691,6431843,Universalis
Kepler-692,3690376,Universalis
Kepler-693,6895614,Universalis
Kepler-694,5065240,Universalis
Kepler-695,6928428,Universalis
Kepler-696,4061965,Universalis
Kepler-697,3366694,Universalis
Kepler-698,4683894,Universalis
Kepler-7,6332729,Universalis
Kepler-700,2547579,Universalis
Kepler-701,8779538,Universalis
Kepler-702,1397257,Universalis
Kepler-703,148165,Universalis
Kepler-704,9798228,Universalis
Kepler-705,2163197,Universalis
Kepler-707,1645547,Universalis
Kepler-708,8254494,Universalis
Kepler-709,8283497,Universalis
Kepler-710,4728881,Universalis
Kepler-711,8141917,Universalis
Kepler-712,2158304,Universalis
Kepler-713,1906166,Universalis
Kepler-714,6827948,Universalis
Kepler-715,9820564,Universalis
Kepler-716,9821614,Universalis
Kepler-717,3551995,Universalis
Kepler-718,434863,Universalis
Kepler-719,2837696,Universalis
Kepler-720,2331263,Universalis
Kepler-721,9484290,Universalis
Kepler-722,5494726,Universalis
Kepler-723,3995431,Universalis
Kepler-724,6542871,Universalis
Kepler-725,9433225,Universalis
Kepler-726,8978628,Universalis
Kepler-727,9990218,Universalis
Kepler-728,1874722,Universalis
Kepler-729,8845361,Universalis
Kepler-730,3915542,Universalis
Kepler-731,8135071,Universalis
Kepler-732,3075442,Universalis
Kepler-733,6662039,Universalis
Kepler-734,5043174,Universalis
Kepler-735,14108,Universalis
Kepler-736,9920130,Universalis
Kepler-737,754030,Universalis
Kepler-738,886149,Universalis
Kepler-739,6060104,Universalis
Kepler-74,2358572,Universalis
Kepler-740,9474293,Universalis
Kepler-741,4834013,Universalis
Kepler-742,5771431,Universalis
Kepler-743,7327972,Universalis
Kepler-744,8522452,Universalis
Kepler-745,1746266,Universalis
Kepler-746,7663074,Universalis
Kepler-747,8249466,Universalis
Kepler-748,9096869,Universalis
Kepler-749,1774576,Universalis
Kepler-75,9736626,Universalis
Kepler-750,4486178,Universalis
Kepler-751,6246877,Universalis
Kepler-752,987824,Universalis
Kepler-753,8412629,Universalis
Kepler-754,6798851,Universalis
Kepler-755,3510472,Universalis
Kepler-756,6326382,Universalis
Kepler-757,4076400,Universalis
Kepler-758,8007196,Universalis
Kepler-759,4422148,Universalis
Kepler-76,1621869,Universalis
Kepler-760,7473481,Universalis
Kepler-761,9650368,Universalis
Kepler-762,9489193,Universalis
Kepler-763,4583682,Universalis
Kepler-764,7214412,Universalis
Kepler-765,7975734,Universalis
Kepler-766,3135188,Universalis
Kepler-767,7677213,Universalis
Kepler-768,5580897,Universalis
Kepler-769,2886412,Universalis
Kepler-77,1158222,Universalis
Kepler-770,1601437,Universalis
Kepler-771,5947943,Universalis
Kepler-772,4273019,Universalis
Kepler-773,1419581,Universalis
Kepler-774,5205316,Universalis
Kepler-775,3682300,Universalis
Kepler-776,43232,Universalis
Kepler-777,6032022,Universalis
Kepler-778,1332694,Universalis
Kepler-779,2383967,Universalis
Kepler-78,2635582,Universalis
Kepler-780,8163028,Universalis
Kepler-781,8935844,Universalis
Kepler-782,6882720,Universalis
Kepler-783,6246248,Universalis
Kepler-784,1712215,Universalis
Kepler-785,1999093,Universalis
Kepler-786,9862370,Universalis
Kepler-787,7295578,Universalis
Kepler-788,4083097,Universalis
Kepler-789,7578910,Universalis
Kepler-79,9022133,Universalis
Kepler-790,7517125,Universalis
Kepler-791,6173814,Universalis
Kepler-792,6318923,Universalis
Kepler-793,5842960,Universalis
Kepler-794,6068109,Universalis
Kepler-795,5965844,Universalis
Kepler-796,5368572,Universalis
Kepler-797,6962272,Universalis
Kepler-798,8431901,Universalis
Kepler-799,3424438,Universalis
Kepler-8,6818657,Universalis
Kepler-80,1280646,Universalis
Kepler-800,2047375,Universalis
Kepler-801,5659884,Universalis
Kepler-802,8971785,Universalis
Kepler-803,6436948,Universalis
Kepler-804,9501609,Universalis
Kepler-805,276906,Universalis
Kepler-806,3633113,Universalis
Kepler-808,6951936,Universalis
Kepler-809,873791,Universalis
Kepler-81,3671242,Universalis
Kepler-810,6084275,Universalis
Kepler-811,3078611,Universalis
Kepler-812,9167245,Universalis
Kepler-813,1094448,Universalis
Kepler-814,4539073,Universalis
Kepler-815,73285,Universalis
Kepler-816,2718465,Universalis
Kepler-817,6536134,Universalis
Kepler-818,3519042,Universalis
Kepler-819,7736314,Universalis
Kepler-82,7386441,Universalis
Kepler-820,6536660,Universalis
Kepler-821,6061526,Universalis
Kepler-822,3157013,Universalis
Kepler-823,7444919,Universalis
Kepler-824,6178697,Universalis
Kepler-825,5361897,Universalis
Kepler-826,9152630,Universalis
Kepler-827,8780031,Universalis
Kepler-828,7110431,Universalis
Kepler-829,4278684,Universalis
Kepler-83,99739,Universalis
Kepler-830,9088633,Universalis
Kepler-831,3811658,Universalis
Kepler-832,5278179,Universalis
Kepler-833,3168617,Universalis
Kepler-834,2124622,Universalis
Kepler-835,3319189,Universalis
Kepler-836,7332332,Universalis
Kepler-837,7879155,Universalis
Kepler-838,4599239,Universalis
Kepler-839,9629477,Universalis
Kepler-84,6636521,Universalis
Kepler-841,8019354,Universalis
Kepler-842,1018083,Universalis
Kepler-843,7062095,Universalis
Kepler-844,391942,Universalis
Kepler-845,2616173,Universalis
Kepler-846,3264892,Universalis
Kepler-847,3093143,Universalis
Kepler-848,3327293,Universalis
Kepler-849,1252598,Universalis
Kepler-85,7839377,Universalis
Kepler-850,9983783,Universalis
Kepler-851,823028,Universalis
Kepler-852,9325343,Universalis
Kepler-853,6703819,Universalis
Kepler-855,9325898,Universalis
Kepler-856,2471052,Universalis
Kepler-857,2585416,Universalis
Kepler-858,9957159,Universalis
Kepler-859,2847304,Universalis
Kepler-860,6905199,Universalis
Kepler-861,3436428,Universalis
Kepler-862,5422953,Universalis
Kepler-996,5217288,Universalis
Kepler-997,9537545,Universalis
Kepler-998,3825081,Universalis
Kepler-999,4669823,Universalis
L 168-9,8152555,Universalis
L 363-38,7875151,Universalis
L 98-59,1352627,Universalis
LHS 1140,5991232,Universalis
LHS 1478,7842821,Universalis
LHS 1678,9425533,Universalis
LHS 1815,6505370,Universalis
LHS 3154,3974272,Universalis
LHS 3844,3754720,Universalis
LHS 475,8062040,Universalis
LP 714-47,6121717,Universalis
LP 791-18,3977282,Universalis
LP 890-9,4002669,Universalis
LSPM J2116+0234,3316768,Universalis
LTT 1445 A,1618655,Universalis
LTT 3780,3515992,Universalis
LTT 9779,391659,Universalis
LkCa 15,9641470,Universalis
Luhman 16 A,3583351,Universalis
Lupus-TR-3,732078,Universalis
M62H,828918,Universalis
MASCARA-1,7252578,Universalis
MASCARA-4,4369664,Universalis
MOA-2007-BLG-192L,5370635,Universalis
MOA-2007-BLG-400L,6113561,Universalis
MOA-2008-BLG-310L,3916546,Universalis
MOA-2008-BLG-379L,1812422,Universalis
MOA-2009-BLG-266L,9882606,Universalis
MOA-2009-BLG-319L,3895094,Universalis
MOA-2009-BLG-387L,9306571,Universalis
MOA-2010-BLG-073L,8282183,Universalis
MOA-2010-BLG-117L,6699574,Universalis
MOA-2010-BLG-328L,6793119,Universalis
MOA-2010-BLG-353L,1423403,Universalis
MOA-2010-BLG-477L,3663771,Universalis
MOA-2011-BLG-028L,3579365,Universalis
MOA-2011-BLG-262L,8830022,Universalis
MOA-2011-BLG-291L,4714625,Universalis
MOA-2011-BLG-293L,4944104,Universalis
MOA-2011-BLG-322L,5938042,Universalis
MOA-2012-BLG-006L,1013793,Universalis
MOA-2012-BLG-505L,6803765,Universalis
MOA-2013-BLG-220L,2938527,Universalis
MOA-2013-BLG-605L,7604419,Universalis
MOA-2015-BLG-337L,4039848,Universalis
MOA-2016-BLG-227L,1065422,Universalis
MOA-2016-BLG-319L,1979767,Universalis
MOA-2016-BLG-526L,2120748,Universalis
MOA-2019-BLG-008L,154956,Universalis
MOA-2020-BLG-135L,1784777,Universalis
MOA-2020-BLG-208L,5741674,Universalis
MOA-2022-BLG-249L,684066,Universalis
MOA-2022-BLG-563L,3450594,Universalis
MOA-bin-1L,8119420,Universalis
MOA-bin-29,4606122,Universalis
MWC 758,1235636,Universalis
MXB 1658-298,595224,Universalis
NGC 2682 Sand 1429,6183588,Universalis
NGC 2682 Sand 364,1978743,Universalis
NGC 2682 Sand 978,7038747,Universalis
NGC 2682 YBP 1194,2019131,Universalis
NGC 2682 YBP 1514,2054173,Universalis
NGC 2682 YBP 401,7472819,Universalis
NGTS-1,865733,Universalis
NGTS-10,7213360,Universalis
NGTS-11,8467719,Universalis
NGTS-12,7190739,Universalis
NGTS-13,8044828,Universalis
NGTS-14 A,7484158,Universalis
NGTS-15,9930605,Universalis
NGTS-16,7100079,Universalis
NGTS-17,8049646,Universalis
NGTS-18,2034567,Universalis
NGTS-2,9049061,Universalis
NGTS-20,7168710,Universalis
NGTS-21,9747733,Universalis
NGTS-23,5358178,Universalis
NGTS-24,5627714,Universalis
NGTS-25,9861353,Universalis
NGTS-26,9725305,Universalis
NGTS-27,2227814,Universalis
NGTS-3 A,2083603,Universalis
NGTS-30,4319378,Universalis
NGTS-33,9600349,Universalis
NGTS-4,1134152,Universalis
NGTS-5,2509889,Universalis
NGTS-6,1436831,Universalis
NGTS-8,965647,Universalis
NGTS-9,1507793,Universalis
NN Ser,4565002,Universalis
NSVS 14256825,8008905,Universalis
NY Vir,7527610,Universalis
OGLE-2003-BLG-235L,9042809,Universalis
OGLE-2005-BLG-071L,2355296,Universalis
OGLE-2005-BLG-169L,23337,Universalis
OGLE-2005-BLG-390L,3192675,Universalis
OGLE-2006-BLG-109L,9815487,Universalis
OGLE-2006-BLG-284L A,9921620,Universalis
OGLE-2007-BLG-349L A,2877995,Universalis
OGLE-2007-BLG-368L,8723777,Universalis
OGLE-2008-BLG-092L,1824391,Universalis
OGLE-2008-BLG-355L,7928489,Universalis
OGLE-2011-BLG-0173L,5310063,Universalis
OGLE-2011-BLG-0251L,7053972,Universalis
OGLE-2011-BLG-0265L,3910101,Universalis
OGLE-2012-BLG-0026L,349805,Universalis
OGLE-2012-BLG-0358L,6663221,Universalis
OGLE-2012-BLG-0406L,7200760,Universalis
OGLE-2012-BLG-0563L,9950463,Universalis
OGLE-2012-BLG-0724L,701583,Universalis
OGLE-2012-BLG-0838L,5827714,Universalis
OGLE-2012-BLG-0950L,6695618,Universalis
OGLE-2013-BLG-0102L,4257997,Universalis
OGLE-2013-BLG-0132L,9396189,Universalis
OGLE-2013-BLG-0341L B,4139377,Universalis
OGLE-2013-BLG-0911L,9312777,Universalis
OGLE-2013-BLG-1721L,65947,Universalis
OGLE-2013-BLG-1761L,6263466,Universalis
OGLE-2014-BLG-0124L,9165323,Universalis
OGLE-2014-BLG-0221L,1116730,Universalis
OGLE-2014-BLG-0319L,9441667,Universalis
OGLE-2014-BLG-0676L,7519441,Universalis
OGLE-2014-BLG-1722L,1007000,Universalis
OGLE-2014-BLG-1760L,6423470,Universalis
OGLE-2015-BLG-0051L,7815934,Universalis
OGLE-2015-BLG-0954L,9497531,Universalis
OGLE-2015-BLG-0966L,7913151,Universalis
OGLE-2015-BLG-1649L,3726688,Universalis
OGLE-2015-BLG-1670L,9341696,Universalis
OGLE-2015-BLG-1771L,2854556,Universalis
OGLE-2016-BLG-0263L,7519390,Universalis
OGLE-2016-BLG-0613L AB,1135611,Universalis
OGLE-2016-BLG-1067L,2616509,Universalis
OGLE-2016-BLG-1093L,2240528,Universalis
OGLE-2016-BLG-1190L,6221030,Universalis
OGLE-2016-BLG-1195L,2838238,Universalis
OGLE-2016-BLG-1227L,2349259,Universalis
OGLE-2016-BLG-1598L,3233923,Universalis
OGLE-2016-BLG-1800L,8215016,Universalis
OGLE-2017-BLG-0173L,975778,Universalis
OGLE-2017-BLG-0373L,955313,Universalis
OGLE-2017-BLG-0406L,6943614,Universalis
OGLE-2017-BLG-0448L,3187655,Universalis
OGLE-2017-BLG-0482L,2688257,Universalis
OGLE-2017-BLG-0604L,8212635,Universalis
OGLE-2017-BLG-0640L,8215825,Universalis
OGLE-2017-BLG-1049L,2974941,Universalis
OGLE-2017-BLG-1099L,30262,Universalis
OGLE-2017-BLG-1140L,7372033,Universalis
OGLE-2017-BLG-1237L,956409,Universalis
OGLE-2017-BLG-1275L,2671898,Universalis
OGLE-2017-BLG-1375L,6377059,Universalis
OGLE-2017-BLG-1434L,6615033,Universalis
OGLE-2017-BLG-1522L,7174690,Universalis
OGLE-2017-BLG-1691L,4676168,Universalis
OGLE-2017-BLG-1806L,8730827,Universalis
OGLE-2018-BLG-0298L,1637147,Universalis
OGLE-2018-BLG-0383L,8015192,Universalis
OGLE-2018-BLG-0506L,719293,Universalis
OGLE-2018-BLG-0516L,4898536,Universalis
OGLE-2018-BLG-0532L,8832917,Universalis
OGLE-2018-BLG-0567L,116168,Universalis
OGLE-2018-BLG-0596L,4957615,Universalis
OGLE-2018-BLG-0677L,8948336,Universalis
OGLE-2018-BLG-0740L,7082137,Universalis
OGLE-2018-BLG-0799L,6068587,Universalis
OGLE-2018-BLG-0932L,5673437,Universalis
OGLE-2018-BLG-0962L,2791101,Universalis
OGLE-2018-BLG-0977L,3818890,Universalis
OGLE-2018-BLG-1011L,208983,Universalis
OGLE-2018-BLG-1119L,1762406,Universalis
OGLE-2018-BLG-1126L,1493765,Universalis
OGLE-2018-BLG-1185L,5166913,Universalis
OGLE-2018-BLG-1212L,6214352,Universalis
OGLE-2018-BLG-1269L,3058403,Universalis
OGLE-2018-BLG-1367L,5169481,Universalis
OGLE-2018-BLG-1428L,7626228,Universalis
OGLE-2018-BLG-1647L,1816708,Universalis
OGLE-2018-BLG-1700L,5243151,Universalis
OGLE-2019-BLG-0249L,3129897,Universalis
OGLE-2019-BLG-0299L,20981,Universalis
OGLE-2019-BLG-0304L,2014529,Universalis
OGLE-2019-BLG-0362L,3156024,Universalis
OGLE-2019-BLG-0468L,7253217,Universalis
OGLE-2019-BLG-0679L,2214329,Universalis
OGLE-2019-BLG-0954L,863700,Universalis
OGLE-2019-BLG-0960L,5476622,Universalis
OGLE-2019-BLG-1053L,8036701,Universalis
OGLE-2019-BLG-1180L,296649,Universalis
OGLE-2019-BLG-1470L A,4966987,Universalis
OGLE-2019-BLG-1492L,7696585,Universalis
OGLE-2023-BLG-0836L,9680360,Universalis
OGLE-TR-10,451796,Universalis
OGLE-TR-111,4003758,Universalis
OGLE-TR-113,8730015,Universalis
OGLE-TR-132,9971889,Universalis
OGLE-TR-182,1052224,Universalis
OGLE-TR-211,3975733,Universalis
OGLE-TR-56,4965154,Universalis
OGLE2-TR-L9,5890352,Universalis
Oph 11,9859385,Universalis
PDS 70,467973,Universalis
PH1,4462045,Universalis
PH2,295451,Universalis
POTS-1,9321658,Universalis
PSR B0329+54,541295,Universalis
PSR B1257+12,8807897,Universalis
PSR B1620-26,405205,Universalis
PSR J1719-1438,1791293,Universalis
PSR J2322-2650,9392856,Universalis
PZ Tel,6381204,Universalis
Pr0201,6193674,Universalis
Pr0211,8947597,Universalis
Proxima Cen,7657712,Universalis
Qatar-1,2592417,Universalis
Qatar-10,584837,Universalis
Qatar-2,3198183,Universalis
Qatar-3,3004048,Universalis
Qatar-4,8556941,Universalis
Qatar-5,797960,Universalis
Qatar-6,1820288,Universalis
Qatar-7,8218766,Universalis
Qatar-8,1760969,Universalis
Qatar-9,8810810,Universalis
ROXs 12,1952806,Universalis
ROXs 42 B,3272234,Universalis
RR Cae,3659635,Universalis
Ross 128,5823980,Universalis
Ross 458,7298237,Universalis
Ross 508,6792676,Universalis
SPECULOOS-3,6249271,Universalis
SR 12 AB,3077492,Universalis
SWEEPS-11,5144326,Universalis
SWEEPS-4,8738765,Universalis
TAP 26,9480144,Universalis
TCP J05074264+2447555,9310573,Universalis
TIC 139270665,719709,Universalis
TIC 172900988 Aa,5589744,Universalis
TIC 237913194,3808701,Universalis
TIC 241249530,4202192,Universalis
TIC 257060897,1560185,Universalis
TIC 279401253,7614119,Universalis
TIC 365102760,79214,Universalis
TIC 393818343,6582671,Universalis
TIC 46432937,4493257,Universalis
TIC 4672985,807200,Universalis
TOI-1052,4721506,Universalis
TOI-1062,3057,Universalis
TOI-1064,6628652,Universalis
TOI-1075,8091919,Universalis
TOI-1107,6780301,Universalis
TOI-1130,1599221,Universalis
TOI-1135,5553230,Universalis
TOI-1136,2885067,Universalis
TOI-1173,8259204,Universalis
TOI-1174,25424,Universalis
TOI-1180,954907,Universalis
TOI-1181,577139,Universalis
TOI-1184,3849577,Universalis
TOI-1194,5829759,Universalis
TOI-1199,1101480,Universalis
TOI-1201,4364590,Universalis
TOI-122,8734688,Universalis
TOI-1221,9336864,Universalis
TOI-1224,6422936,Universalis
TOI-1227,6623687,Universalis
TOI-1231,8705032,Universalis
TOI-1235,709898,Universalis
TOI-1244,7471325,Universalis
TOI-1246,402220,Universalis
TOI-1248,2159956,Universalis
TOI-1249,4230838,Universalis
TOI-125,685238,Universalis
TOI-1259 A,7749573,Universalis
TOI-1260,6646154,Universalis
TOI-1266,360362,Universalis
TOI-1268,7616580,Universalis
TOI-1269,4522776,Universalis
TOI-1272,8818546,Universalis
TOI-1273,6600399,Universalis
TOI-1278,281761,Universalis
TOI-1279,4461539,Universalis
TOI-128,3584110,Universalis
TOI-1288,1875064,Universalis
TOI-1294,5371654,Universalis
TOI-1295,2513713,Universalis
TOI-1296,1948750,Universalis
TOI-1298,1895777,Universalis
TOI-1301,7002541,Universalis
TOI-132,836036,Universalis
TOI-1333,5412393,Universalis
TOI-1338 A,8214025,Universalis
TOI-1347,341831,Universalis
TOI-1386,6157966,Universalis
TOI-139,8929030,Universalis
TOI-1408,7787357,Universalis
TOI-1410,7490332,Universalis
TOI-1411,851704,Universalis
TOI-1416,6115999,Universalis
TOI-1420,7042527,Universalis
TOI-1422,6482015,Universalis
TOI-1431,7366745,Universalis
TOI-1437,237949,Universalis
TOI-1439,4090506,Universalis
TOI-1442,9995987,Universalis
TOI-1443,7446043,Universalis
TOI-1444,8768567,Universalis
TOI-1448,5806335,Universalis
TOI-1450 A,9266278,Universalis
TOI-1451,2022446,Universalis
TOI-1452,4338663,Universalis
TOI-1467,2246924,Universalis
TOI-1468,753073,Universalis
TOI-5218,5846123,Universalis
TOI-5232,3245323,Universalis
TOI-5238,1939649,Universalis
TOI-5293 A,8741313,Universalis
TOI-530,3232740,Universalis
TOI-5301,1862093,Universalis
TOI-5319,3611434,Universalis
TOI-532,742921,Universalis
TOI-5344,2250421,Universalis
TOI-5388,1156694,Universalis
TOI-5398,7880226,Universalis
TOI-540,6410814,Universalis
TOI-544,3430192,Universalis
TOI-5542,3499553,Universalis
TOI-558,4003681,Universalis
TOI-559,6170978,Universalis
TOI-561,4924601,Universalis
TOI-5616,3138547,Universalis
TOI-5634 A,8927182,Universalis
TOI-564,7436417,Universalis
TOI-5678,5728261,Universalis
TOI-5688 A,8226831,Universalis
TOI-5704,43604,Universalis
TOI-5713,5488364,Universalis
TOI-5720,9967675,Universalis
TOI-5726,1712383,Universalis
TOI-5786,4648456,Universalis
TOI-5799,6247470,Universalis
TOI-5803,7155142,Universalis
TOI-6002,1233110,Universalis
TOI-6008,3171363,Universalis
TOI-6016,9863282,Universalis
TOI-6029,9369692,Universalis
TOI-6034,9844449,Universalis
TOI-6038 A,1257477,Universalis
TOI-6054,9171338,Universalis
TOI-6086,1701270,Universalis
TOI-6130,9726163,Universalis
TOI-615,8115061,Universalis
TOI-620,5267311,Universalis
TOI-622,6184965,Universalis
TOI-6255,8911099,Universalis
TOI-628,8297100,Universalis
TOI-6383 A,8389626,Universalis
TOI-640,7010309,Universalis
TOI-654,5760821,Universalis
TOI-663,300447,Universalis
TOI-6651,9799037,Universalis
TOI-669,8347588,Universalis
TOI-672,4414801,Universalis
TOI-674,6447450,Universalis
TOI-677,329890,Universalis
TOI-700,4645487,Universalis
TOI-712,2425438,Universalis
TOI-715,9254984,Universalis
TOI-733,3206108,Universalis
TOI-757,5273698,Universalis
TOI-762 A,373420,Universalis
TOI-763,4141992,Universalis
TOI-771,792142,Universalis
TOI-776,3623427,Universalis
TOI-778,9464365,Universalis
TOI-782,8950063,Universalis
HD 307842,3659646,Universalis
TOI-813,4487521,Universalis
TOI-815,996264,Universalis
TOI-824,6507752,Universalis
TOI-833,8491631,Universalis
TOI-836,4342054,Universalis
TOI-837,8960226,Universalis
TOI-849,9381775,Universalis
TOI-858 B,3386790,Universalis
TOI-871,5467793,Universalis
TOI-880,6830553,Universalis
TOI-892,4910060,Universalis
TOI-904,4264891,Universalis
TOI-905,5787606,Universalis
TOI-907,5848472,Universalis
TOI-908,2929699,Universalis
TOI-913,7911459,Universalis
TOI-942,8082597,Universalis
TOI-954,1942849,Universalis
TOI-969,5718231,Universalis
TRAPPIST-1,6177171,Universalis
TYC 0434-04538-1,4760267,Universalis
TYC 1422-614-1,8151818,Universalis
TYC 2187-512-1,6586346,Universalis
TYC 3318-01333-1,3880151,Universalis
TYC 3667-1280-1,5344475,Universalis
TYC 4282-00605-1,5016753,Universalis
TYC 8998-760-1,6936206,Universalis
Teegarden's Star,6810516,Universalis
TrES-1,857877,Universalis
TrES-2,5973140,Universalis
TrES-3,5409425,Universalis
TrES-4,5984812,Universalis
TrES-5,808548,Universalis
UCAC3 113-933,8387648,Universalis
UCAC4 328-061594,245273,Universalis
UKIRT-2017-BLG-001L,3249589,Universalis
USco CTIO 108,7901771,Universalis
USco1556 A,1748019,Universalis
USco1621 A,635530,Universalis
UZ For,6459991,Universalis
V0391 Peg,1753329,Universalis
V1298 Tau,2525234,Universalis
V830 Tau,966108,Universalis
VHS J125601.92-125723.9,7093846,Universalis
WASP-1,4797256,Universalis
WASP-10,2341317,Universalis
WASP-100,1715565,Universalis
WASP-101,9882553,Universalis
WASP-103,4706776,Universalis
WASP-104,2905704,Universalis
WASP-105,1977748,Universalis
WASP-106,6357118,Universalis
WASP-107,5979983,Universalis
WASP-11,4224106,Universalis
WASP-110,5528859,Universalis
WASP-113,4906438,Universalis
WASP-114,3431933,Universalis
WASP-117,5393157,Universalis
WASP-118,6109129,Universalis
WASP-119,1791631,Universalis
WASP-12,835675,Universalis
WASP-120,8446049,Universalis
WASP-121,6347437,Universalis
WASP-123,3981671,Universalis
WASP-124,2849121,Universalis
WASP-126,3018140,Universalis
WASP-127,5801437,Universalis
WASP-129,7327547,Universalis
WASP-13,262783,Universalis
WASP-130,5958749,Universalis
WASP-131,2313965,Universalis
WASP-132,9337540,Universalis
WASP-133,733150,Universalis
WASP-135,7259558,Universalis
WASP-136,5774034,Universalis
WASP-138,7315879,Universalis
WASP-139,4187140,Universalis
WASP-14,4955595,Universalis
WASP-140,6516470,Universalis
WASP-141,4726266,Universalis
WASP-142,9017855,Universalis
WASP-144,7200364,Universalis
WASP-145 A,2488222,Universalis
WASP-147,5426271,Universalis
WASP-148,3032884,Universalis
WASP-15,2232068,Universalis
WASP-150,5474876,Universalis
WASP-151,202357,Universalis
WASP-153,4123619,Universalis
WASP-156,9305390,Universalis
WASP-157,1459315,Universalis
WASP-158,1545670,Universalis
WASP-159,8802641,Universalis
WASP-16,9219319,Universalis
WASP-160 B,4178517,Universalis
WASP-84,8641390,Universalis
WASP-85 A,256165,Universalis
WASP-87,1040717,Universalis
WASP-88,4621492,Universalis
WASP-89,9612775,Universalis
WASP-90,305613,Universalis
WASP-91,4040375,Universalis
WASP-92,5407084,Universalis
WASP-93,2593402,Universalis
WASP-94 A,1488728,Universalis
WASP-94 B,8300037,Universalis
WASP-95,4973679,Universalis
WASP-96,6766437,Universalis
WASP-97,8005254,Universalis
WASP-98,6719246,Universalis
WASP-99,5562147,Universalis
WD 0806-661,5731324,Universalis
WD 1856+534,9122122,Universalis
WISE J033605.05-014350.4,5875946,Universalis
WISEP J121756.91+162640.2 A,5915812,Universalis
WTS-1,7463438,Universalis
WTS-2,4941052,Universalis
Wendelstein-1,3752358,Universalis
Wendelstein-2,2570926,Universalis
Wolf 1061,5485933,Universalis
Wolf 1069,3913961,Universalis
Wolf 327,1862541,Universalis
Wolf 503,1207878,Universalis
XO-1,2576141,Universalis
XO-2 N,8942260,Universalis
XO-2 S,9988109,Universalis
XO-3,7185399,Universalis
XO-4,7201734,Universalis
XO-5,5921138,Universalis
XO-6,9305573,Universalis
XO-7,886702,Universalis
YSES 2,9182328,Universalis
YZ Cet,6739660,Universalis
alf Ari,2995845,Universalis
alf Tau,5532312,Universalis
b Cen A,6959692,Universalis
bet Cnc,1131872,Universalis
bet Pic,5359047,Universalis
bet UMi,4668191,Universalis
eps CrB,7043226,Universalis
eps Eri,5308763,Universalis
eps Ind A,8130547,Universalis
eps Tau,1167742,Universalis
gam Cep,4645735,Universalis
gam Lib,9923654,Universalis
gam Psc,4621071,Universalis
gam1 Leo,3497651,Universalis
iot Dra,5346539,Universalis
kap And,5395525,Universalis
kap CrB,7552436,Universalis
mu Leo,9547434,Universalis
mu2 Sco,4330140,Universalis
nu Oct A,6977262,Universalis
nu Oph,354543,Universalis
ome Ser,5404289,Universalis
omi CrB,9404819,Universalis
omi UMa,9575643,Universalis
HD 39091,851212,Universalis
psi1 Dra B,6068173,Universalis
rho CrB,6706979,Universalis
tau Boo,8274242,Universalis
tau Cet,7494857,Universalis
tau Gem,582701,Universalis
ups And,4273747,Universalis
ups Leo,302961,Universalis
xi Aql,2240803,Universalis
