Star Name,Spectral Type,Stellar Radius [Solar Radius],Element Composition
11 Com,G8 III,13.76,Hydrogen
11 UMi,K4 III,29.79,Xenon
14 And,K0 III,11.55,Hydrogen
14 Her,K0 V,0.93,Hydrogen
16 Cyg,G3 V,1.13,Hydrogen
17 Sco,K3 III,25.92,Hydrogen
18 Del,G6 III,8.8,Hydrogen
1RXS J160929.1-210524,K7 V,1.31,Hydrogen
24 Boo,G3 IV,12.19,Hydrogen
24 Sex,K0 IV,4.9,Hydrogen
2MASS J01033563-5515561,M5.5/M6,,Hydrogen
2MASS J01225093-2439505,M3.5 V,0.37,Hydrogen
2MASS J02192210-3925225,M6,0.28,Hydrogen
2MASS J0249-0557,M6 V,0.32,Hydrogen
2MASS J03590986+2009361,,0.29,Hydrogen
2MASS J04372171+2651014,M V,0.84,Hydrogen
2MASS J04414489+2301513,M8.5,0.23,Hydrogen
2MASS J11011926-7732383,,,Hydrogen
2MASS J11550485-7919108,,0.6,Hydrogen
2MASS J12073346-3932539,M8,0.22,Hydrogen
2MASS J19383260+4603591,,0.2,Hydrogen
2MASS J21252752-8138278,,0.67,Hydrogen
2MASS J22362452+4751425,K7 V,0.64,Hydrogen
30 Ari,F6 V,1.41,Hydrogen
4 UMa,K1 III,18.11,Hydrogen
42 Dra,K1.5 III,22.03,Hydrogen
47 UMa,G0 V,1.21,Hydrogen
51 Eri,F0 IV,1.49,Hydrogen
51 Peg,G5V,1.18,Hydrogen
55 Cnc,K0 IV-V,0.94,Hydrogen
6 Lyn,K0 IV,4.94,Hydrogen
61 Vir,G5 V,0.96,Hydrogen
7 CMa,K1 III,4.87,Hydrogen
70 Vir,G5V,1.89,Hydrogen
75 Cet,G3 III,10.38,Hydrogen
8 UMi,K0,10.3,Hydrogen
81 Cet,G5 III,11.21,Hydrogen
91 Aqr,K0 III,11,Hydrogen
AB Aur,,2.96,Hydrogen
AB Pic,K2 V,1,Hydrogen
AF Lep,F8 V,1.25,Hydrogen
alf Ari,,0.98,Hydrogen
alf Cen,K1 V,0.91,Hydrogen
alf Tau,,0.8,Hydrogen
AU Mic,M1,0.74,Hydrogen
b Cen,,0.98,Hydrogen
Barnard's star,M3.5-4 V,0.18,Hydrogen
BD+03 2562,,32.35,Hydrogen
BD+14 4559,K2 V,0.86,Hydrogen
BD+15 2375,G5,8.95,Hydrogen
BD+15 2940,K0,14.7,Hydrogen
BD+20 2457,K2 II,49,Hydrogen
BD+20 274,K5 III,17.3,Hydrogen
BD+20 594,G,1.08,Hydrogen
BD+45 564,K1,0.81,Hydrogen
BD+48 738,K0 III,11,Hydrogen
BD+48 740,K3 III,10.33,Hydrogen
BD+49 828,K0,7.6,Hydrogen
BD+55 362,K3,0.9,Hydrogen
BD+60 1417,K0,0.8,Hydrogen
BD+63 1405,K0,0.8,Hydrogen
BD-06 1339,K7/M0 V,0.69,Hydrogen
BD-08 2823,K3 V,0.71,Hydrogen
BD-10 3166,K0 V,0.91,Hydrogen
BD-11 4672,K7 V,0.64,Hydrogen
BD-13 2130,G5 IV/V,19.17,Hydrogen
BD-14 3065,,2.35,Hydrogen
BD-17 63,K5 V,0.74,Hydrogen
BD-210397,K7 V,0.75,Hydrogen
bet Cnc,,0.69,Hydrogen
bet Pic,,0.76,Hydrogen
bet UMi,,1.2,Hydrogen
CD Cet,M5.0 V,0.17,Hydrogen
CFBDSIR J145829+101343,,,Hydrogen
CFHTWIR-Oph 98,M9-L1,0.24,Hydrogen
CHXR 73,M3.5,,Hydrogen
CI Tau,K7,1.88,Hydrogen
COCONUTS-2,M3 V,0.39,Hydrogen
CoRoT-1,G0 V,1.11,Hydrogen
CoRoT-10,K1 V,0.79,Hydrogen
CoRoT-11,F6 V,1.37,Hydrogen
CoRoT-12,,1.05,Hydrogen
CoRoT-13,G0 V,1.01,Hydrogen
CoRoT-14,F9 V,1.21,Hydrogen
CoRoT-16,G5 V,1.19,Hydrogen
CoRoT-17,G2 V,1.59,Hydrogen
CoRoT-18,G9 V,0.88,Hydrogen
CoRoT-19,F9 V,1.65,Hydrogen
CoRoT-2,,0.91,Hydrogen
CoRoT-20,G2 V,1.37,Hydrogen
CoRoT-21,F8 IV,1.95,Hydrogen
CoRoT-22,G3 V,1.14,Hydrogen
CoRoT-23,G0 V,1.61,Hydrogen
CoRoT-24,K1 V,0.86,Hydrogen
CoRoT-25,F9,1.19,Hydrogen
CoRoT-26,G5,1.79,Hydrogen
CoRoT-27,G2,1.08,Hydrogen
CoRoT-28,G8/9 IV,1.78,Hydrogen
CoRoT-29,K0 V,0.9,Hydrogen
CoRoT-3,F3 V,1.56,Hydrogen
CoRoT-30,G3 V,0.91,Hydrogen
CoRoT-31,G2 IV,2.15,Hydrogen
CoRoT-35,F6 V,1.65,Hydrogen
CoRoT-36,F3 V,1.52,Hydrogen
CoRoT-4,,1.17,Hydrogen
CoRoT-5,F9 V,1.11,Hydrogen
CoRoT-6,F9 V,1.03,Hydrogen
CoRoT-7,G9 V,0.83,Hydrogen
CoRoT-8,K1 V,0.8,Hydrogen
CoRoT-9,G3 V,0.96,Hydrogen
CoRoTID 223977153,G0 VI,0.79,Hydrogen
CT Cha,K5e,1.68,Hydrogen
DE CVn,,0.42,Hydrogen
DENIS-P J082303.1-491201,L1.5,,Hydrogen
DH Tau,M0.5,0.27,Hydrogen
DMPP-1,F8 V,1.26,Hydrogen
DMPP-2,F5 V,1.78,Hydrogen
DMPP-3,K0 V,0.91,Hydrogen
DMPP-4,F5-F8 V,1.38,Hydrogen
DP Leo,,0.01,Hydrogen
DS Tuc,G6 V,0.96,Hydrogen
EPIC 201170410,,0.28,Hydrogen
EPIC 201238110,,0.37,Hydrogen
EPIC 201427007,,0.94,Hydrogen
EPIC 201497682,,0.55,Hydrogen
EPIC 201595106,,0.98,Hydrogen
EPIC 201757695,,0.66,Hydrogen
EPIC 201841433,,0.63,Hydrogen
EPIC 206024342,,0.82,Hydrogen
EPIC 206032309,,0.37,Hydrogen
EPIC 206042996,,0.5,Hydrogen
EPIC 206215704,,0.25,Hydrogen
EPIC 206317286,,0.67,Hydrogen
EPIC 211822797,M0,0.58,Hydrogen
EPIC 211945201,G0,1.39,Hydrogen
EPIC 212297394,,0.8,Hydrogen
EPIC 212424622,,1.22,Hydrogen
EPIC 212499991,,0.76,Hydrogen
EPIC 212587672,,0.98,Hydrogen
EPIC 212624936,,0.93,Hydrogen
EPIC 212737443,K3,0.67,Hydrogen
EPIC 220492298,,0.89,Hydrogen
EPIC 220674823,G5 V,0.99,Hydrogen
EPIC 228836835,,0.32,Hydrogen
EPIC 229004835,,1,Hydrogen
EPIC 246851721,F5 V,1.59,Hydrogen
EPIC 248847494,,2.7,Hydrogen
EPIC 249893012,G8 IV/V,1.71,Hydrogen
eps CrB,,1.09,Hydrogen
eps Eri,,1.15,Hydrogen
eps Ind,,1.36,Hydrogen
eps Tau,,1.36,Hydrogen
FU Tau,M7.25,,Hydrogen
G 196-3,,0.52,Hydrogen
G 264-012,M4.0 V,0.3,Hydrogen
G 9-40,M2.5 V,0.3,Hydrogen
Gaia-1,,0.95,Hydrogen
Gaia-2,,1.06,Hydrogen
Gaia22dkvL,,,Hydrogen
gam Cep,,1.36,Hydrogen
gam Leo,,0.91,Hydrogen
gam Lib,,3.38,Hydrogen
gam Psc,,1.09,Hydrogen
GJ 1002,M5.5 V,0.14,Hydrogen
GJ 1061,M5.5 V,0.16,Hydrogen
GJ 1132,M4.5 V,0.22,Hydrogen
GJ 1148,M5,0.36,Hydrogen
GJ 1151,M 4.5V,0.18,Hydrogen
GJ 1214,M4 V,0.22,Hydrogen
GJ 1252,M3,0.39,Hydrogen
GJ 1265,M4.5 V,0.19,Hydrogen
GJ 143,K4.5,0.7,Hydrogen
GJ 15,M1,0.38,Hydrogen
GJ 160.2,M0 V,0.66,Hydrogen
GJ 163,M,0.41,Hydrogen
GJ 179,M3.5 V,0.38,Hydrogen
GJ 180,M2 V,0.41,Hydrogen
GJ 2030,,2.24,Hydrogen
GJ 2056,M0V:,0.71,Hydrogen
GJ 229,,0.46,Hydrogen
GJ 238,M2.5 V,0.43,Hydrogen
GJ 251,M3.0 V,0.36,Hydrogen
GJ 27.1,M0.5 V,0.52,Hydrogen
GJ 273,M3.5,0.29,Hydrogen
GJ 3021,G6 V,0.9,Hydrogen
GJ 3082,M4,0.47,Hydrogen
GJ 3090,M2 V,0.52,Hydrogen
GJ 3138,M0,0.5,Hydrogen
GJ 317,M2.5 V,0.43,Hydrogen
GJ 328,M0.0,0.63,Hydrogen
GJ 3293,M2.5,0.4,Hydrogen
GJ 3323,M4,0.12,Hydrogen
GJ 3341,M2.5,0.44,Hydrogen
GJ 338,M0 V,0.58,Hydrogen
GJ 3470,M1.5,0.5,Hydrogen
GJ 3473,M4,0.36,Hydrogen
GJ 3512,M5.5 V,0.14,Hydrogen
GJ 357,M2.5 V,0.34,Hydrogen
GJ 3634,M2.5,0.43,Hydrogen
GJ 367,M1.0 V,0.46,Hydrogen
GJ 3779,M4.0 V,0.28,Hydrogen
GJ 3929,M3.5 V,0.32,Hydrogen
GJ 393,M2.0 V,0.43,Hydrogen
GJ 3942,M0,0.61,Hydrogen
GJ 3988,M4.5 V,0.2,Hydrogen
GJ 3998,M1,0.49,Hydrogen
GJ 411,M1.5 V,0.37,Hydrogen
GJ 414,K7 V,0.68,Hydrogen
GJ 422,M3.5 V,0.37,Hydrogen
GJ 4276,M4.0,0.41,Hydrogen
GJ 433,M1.5 V,0.5,Hydrogen
GJ 436,M2.5 V,0.46,Hydrogen
GJ 463,M3 V,0.49,Hydrogen
GJ 480,M3.5 Ve,0.46,Hydrogen
GJ 486,M3.5 V,0.32,Hydrogen
GJ 504,G0 V,1.26,Hydrogen
GJ 514,M0.5-1.0 V,0.5,Hydrogen
GJ 536,M1 V,0.5,Hydrogen
GJ 581,M3 V,0.33,Hydrogen
GJ 625,M2,0.31,Hydrogen
GJ 649,M1.0,0.5,Hydrogen
GJ 667,M1.5 V,,Hydrogen
GJ 674,M2.5,0.36,Hydrogen
GJ 676,M0 V,0.69,Hydrogen
GJ 682,M3.5 V,0.3,Hydrogen
GJ 685,M0.5,0.54,Hydrogen
GJ 687,M3 V,0.42,Hydrogen
GJ 720,M0.5 V,0.56,Hydrogen
GJ 724,M1.0 V,0.52,Hydrogen
GJ 740,M1.0 V,0.56,Hydrogen
GJ 806,M1.5 V,0.41,Hydrogen
GJ 832,M2/3 V,0.44,Hydrogen
GJ 849,M3.5,0.45,Hydrogen
GJ 86,K1V,0.77,Hydrogen
GJ 876,M4 V,0.3,Hydrogen
GJ 887,M1 V,0.47,Hydrogen
GJ 896,M3.5 V,0.39,Hydrogen
GJ 900,K7,0.72,Hydrogen
GJ 9066,M5.0 V,0.16,Hydrogen
GJ 9404,M2V,0.63,Hydrogen
GJ 96,M2,0.58,Hydrogen
GJ 9689,M0.5,0.57,Hydrogen
GJ 9827,K7 V,0.6,Hydrogen
Gl 378,M1,0.56,Hydrogen
Gl 49,M1.5 V,0.51,Hydrogen
Gl 686,M1.0 V,0.43,Hydrogen
Gliese 12,M3.0 V,0.26,Hydrogen
GPX-1,F2,1.56,Hydrogen
GQ Lup,K7e V,1.94,Hydrogen
GSC 06214-00210,K7,0.9,Hydrogen
GU Psc,M3,0.45,Hydrogen
HAT-P-1,G0 V,1.17,Hydrogen
HAT-P-11,K4,0.68,Hydrogen
HAT-P-12,K4,0.7,Hydrogen
HAT-P-13,G4,1.76,Hydrogen
HAT-P-14,F5 V,1.82,Hydrogen
HAT-P-15,G5,1.07,Hydrogen
HAT-P-16,F8,1.24,Hydrogen
HAT-P-17,,0.84,Hydrogen
HAT-P-18,K2,0.75,Hydrogen
HAT-P-19,K1,0.77,Hydrogen
HAT-P-2,F8,1.39,Hydrogen
HAT-P-20,K3,0.69,Hydrogen
HAT-P-21,G3,1.21,Hydrogen
HAT-P-22,G5 V,1.11,Hydrogen
HAT-P-23,G0,1.2,Hydrogen
HAT-P-24,F8,1.32,Hydrogen
HAT-P-25,G5,0.92,Hydrogen
HAT-P-26,K1,0.87,Hydrogen
HAT-P-27,G8,0.86,Hydrogen
HAT-P-28,G3,1.1,Hydrogen
HAT-P-29,F8,1.3,Hydrogen
HAT-P-3,K1,0.86,Hydrogen
HAT-P-30,F7,1.31,Hydrogen
HAT-P-31,,1.39,Hydrogen
HAT-P-32,,1.37,Hydrogen
HAT-P-33,F4,1.64,Hydrogen
HAT-P-34,,1.53,Hydrogen
HAT-P-35,,1.44,Hydrogen
HAT-P-36,G5 V,1.04,Hydrogen
HAT-P-37,,0.88,Hydrogen
HAT-P-38,G5,0.92,Hydrogen
HAT-P-39,,1.76,Hydrogen
HAT-P-4,F,1.62,Hydrogen
HAT-P-40,,1.94,Hydrogen
HAT-P-41,,2.05,Hydrogen
HAT-P-42,,1.41,Hydrogen
HAT-P-43,F9,1.08,Hydrogen
HAT-P-44,,0.95,Hydrogen
HAT-P-45,,1.32,Hydrogen
HAT-P-46,,1.4,Hydrogen
HAT-P-49,F3,1.87,Hydrogen
HAT-P-5,G,1.12,Hydrogen
HAT-P-50,F5,1.7,Hydrogen
HAT-P-51,G7,0.99,Hydrogen
HAT-P-52,K1,0.89,Hydrogen
HAT-P-53,,1.21,Hydrogen
HAT-P-54,K7,0.62,Hydrogen
HAT-P-55,,1.1,Hydrogen
HAT-P-56,F8,1.43,Hydrogen
HAT-P-57,A8 V,1.85,Hydrogen
HAT-P-58,,1.53,Hydrogen
HAT-P-59,,1.1,Hydrogen
HAT-P-6,,1.62,Hydrogen
HAT-P-60,,2.2,Hydrogen
HAT-P-61,,0.94,Hydrogen
HAT-P-62,,1.17,Hydrogen
HAT-P-63,,0.97,Hydrogen
HAT-P-64,,1.74,Hydrogen
HAT-P-65,G2,1.67,Hydrogen
HAT-P-66,G0,1.88,Hydrogen
HAT-P-67,,2.55,Hydrogen
HAT-P-68,K,0.67,Hydrogen
HAT-P-69,,1.93,Hydrogen
HAT-P-7,,2,Hydrogen
HAT-P-70,,1.86,Hydrogen
HAT-P-8,F6,1.57,Hydrogen
HAT-P-9,F7,1.34,Hydrogen
HATS-1,,1.04,Hydrogen
HATS-10,,1.1,Hydrogen
HATS-11,G0,1.54,Hydrogen
HATS-12,F,1.17,Hydrogen
HATS-13,,0.89,Hydrogen
HATS-14,,0.93,Hydrogen
HATS-15,G9 V,0.92,Hydrogen
HATS-16,G3 V,1.24,Hydrogen
HATS-17,G V,1.09,Hydrogen
HATS-18,G V,1.02,Hydrogen
HATS-2,K,0.88,Hydrogen
HATS-22,K V,0.69,Hydrogen
HATS-23,G V,1.2,Hydrogen
HATS-24,F V,1.12,Hydrogen
HATS-25,G,1.11,Hydrogen
HATS-26,F,2.04,Hydrogen
HATS-27,F,1.74,Hydrogen
HATS-28,G,0.92,Hydrogen
HATS-29,G,1.07,Hydrogen
HATS-3,F,1.4,Hydrogen
HATS-30,G,1.06,Hydrogen
HATS-31,,1.87,Hydrogen
HATS-32,,1.1,Hydrogen
HATS-33,,1.02,Hydrogen
HATS-34,,0.98,Hydrogen
HATS-35,,1.43,Hydrogen
HATS-36,G0 V,1.1,Hydrogen
HATS-37,,0.88,Hydrogen
HATS-38,,1.1,Hydrogen
HATS-39,,1.62,Hydrogen
HATS-4,G,0.93,Hydrogen
HATS-40,,2.26,Hydrogen
HATS-41,,1.71,Hydrogen
HATS-42,,1.48,Hydrogen
HATS-43,,0.81,Hydrogen
HATS-44,,0.85,Hydrogen
HATS-45,,1.32,Hydrogen
HATS-46,,0.85,Hydrogen
HATS-47,,0.66,Hydrogen
HATS-48,,0.72,Hydrogen
HATS-49,,0.7,Hydrogen
HATS-5,G,0.87,Hydrogen
HATS-50,,1.12,Hydrogen
HATS-51,,1.44,Hydrogen
HATS-52,,1.05,Hydrogen
HATS-53,,1.1,Hydrogen
HATS-54,G6 V,1.23,Hydrogen
HATS-55,,1.13,Hydrogen
HATS-56,,2.2,Hydrogen
HATS-57,,0.96,Hydrogen
HATS-58,,1.43,Hydrogen
HATS-59,,1.04,Hydrogen
HATS-6,M1 V,0.57,Hydrogen
HATS-60,,1.46,Hydrogen
HATS-61,,1.66,Hydrogen
HATS-62,,0.93,Hydrogen
HATS-63,,1.07,Hydrogen
HATS-64,,2.11,Hydrogen
HATS-65,,1.31,Hydrogen
HATS-66,,1.84,Hydrogen
HATS-67,,1.44,Hydrogen
HATS-68,,1.75,Hydrogen
HATS-69,,0.88,Hydrogen
HATS-7,K2,0.82,Hydrogen
HATS-70,,1.88,Hydrogen
HATS-71,M3 V,0.48,Hydrogen
HATS-72,,0.72,Hydrogen
HATS-74,,0.58,Hydrogen
HATS-75,,0.58,Hydrogen
HATS-76,,0.63,Hydrogen
HATS-77,,0.64,Hydrogen
HATS-8,,1.09,Hydrogen
HATS-9,,1.56,Hydrogen
HD 100546,B9 Vne,1.85,Hydrogen
HD 100655,G9 III,10.06,Hydrogen
HD 100777,G8 V,1.04,Hydrogen
HD 10180,G1 V,1.11,Hydrogen
HD 101930,K1 V,0.86,Hydrogen
HD 102117,G6 V,1.23,Hydrogen
HD 102195,K0 V,0.82,Hydrogen
HD 102272,K0,10.3,Hydrogen
HD 102329,K0 III,9.82,Hydrogen
HD 102365,G3/5V,0.95,Hydrogen
HD 102843,K0 V,0.96,Hydrogen
HD 102956,G5,4.55,Hydrogen
HD 103197,K1 V(P),0.88,Hydrogen
HD 103720,K3 V,0.73,Hydrogen
HD 103774,F5 V,1.58,Hydrogen
HD 103891,F9,2.22,Hydrogen
HD 103949,K3 V,0.75,Hydrogen
HD 104067,K2 V,0.78,Hydrogen
HD 10442,K0 IV,1.97,Hydrogen
HD 104985,G9 III,11.12,Hydrogen
HD 105618,,1.27,Hydrogen
HD 105779,G2,0.94,Hydrogen
HD 106252,G0,1.1,Hydrogen
HD 106270,G5 IV,2.66,Hydrogen
HD 106315,F5 V,1.29,Hydrogen
HD 10647,F9 V,1.1,Hydrogen
HD 106515,G5 V,0.91,Hydrogen
HD 106906,F5 V,2.12,Hydrogen
HD 10697,G3 V,1.86,Hydrogen
HD 107148,G5 V,1.17,Hydrogen
HD 108147,F8 V CH+0.4,1.21,Hydrogen
HD 108202,K4/5 V,0.66,Hydrogen
HD 108236,G3 V,0.88,Hydrogen
HD 108341,K2 V,0.79,Hydrogen
HD 108863,K0,5.74,Hydrogen
HD 108874,G5,1.05,Hydrogen
HD 109246,G0 V,1.07,Hydrogen
HD 109271,G5 V,1.29,Hydrogen
HD 109286,G4 V,1.09,Hydrogen
HD 109749,G3 V,1.22,Hydrogen
HD 10975,K0 III,11.16,Hydrogen
HD 109833,,1,Hydrogen
HD 109988,,0.87,Hydrogen
HD 307842,M0 V,0.67,Hydrogen
HD 39091,,0.79,Hydrogen
HD 42813,G5,11.02,Hydrogen
HD 80653,K1,0.74,Hydrogen
HD 89744,K2 III,20.9,Hydrogen
HD 89839,K0.0 V,0.79,Hydrogen
HD 90156,K0.0 V,0.79,Hydrogen
HD 9174,K0.0 V,0.79,Hydrogen
HD 92788,K0.0 V,0.79,Hydrogen
HD 93083,K0.0 V,0.79,Hydrogen
HD 93351,F8 V,1.19,Hydrogen
HD 93385,G,0.97,Hydrogen
HD 93963,G8 V,0.9,Hydrogen
HD 9446,K0 III,8.03,Hydrogen
HD 94771,M1 III,65.8,Hydrogen
HD 94834,K0 III,9.85,Hydrogen
HD 95086,K0 III,39,Hydrogen
HD 95089,F6 V,1.53,Hydrogen
HD 95127,K2 III/ IV,6.78,Hydrogen
HD 95338,K9 V,0.53,Hydrogen
HD 95544,K9 V,0.53,Hydrogen
HD 95872,F3 V,1.49,Hydrogen
HD 96063,K3V,0.76,Hydrogen
HD 96127,G0 V,1.47,Hydrogen
HD 96167,K0,0.84,Hydrogen
HD 96700,K1 V,0.84,Hydrogen
HD 96992,G0 V,1.34,Hydrogen
HD 97037,G0 V,1.24,Hydrogen
HD 97048,K2V,0.73,Hydrogen
HD 97658,K2V,0.73,Hydrogen
HD 98219,G0 V,1.21,Hydrogen
HD 98649,K0,4.89,Hydrogen
HD 98736,K0,4.6,Hydrogen
HD 99109,G7 IV-V,1.07,Hydrogen
HD 99283,G5,20.58,Hydrogen
HD 99492,G2 V,1.2,Hydrogen
HD 99706,,2.1,Hydrogen
HIP 103768,K5V,0.66,Hydrogen
HIP 105854,G9 V CN+1,2.01,Hydrogen
HIP 107772,G8 III/IV,10.09,Hydrogen
HIP 107773,G7 III,10.37,Hydrogen
HIP 109384,G2 V,1.07,Hydrogen
HIP 109600,,1.8,Hydrogen
HIP 113103,,1.8,Hydrogen
HIP 114933,G4 IV,1.3,Hydrogen
HIP 116454,F8,1,Hydrogen
HIP 12961,,0.75,Hydrogen
HIP 14810,G7 III,6.47,Hydrogen
HIP 15799,K0V,0.93,Hydrogen
HIP 19976,G3 V,1.05,Hydrogen
HIP 21152,G3 V,1.05,Hydrogen
HIP 34222,K0,1.2,Hydrogen
HIP 35173,K0,1.11,Hydrogen
HIP 35965,G8 IV,1.37,Hydrogen
HIP 38594,K3V,0.74,Hydrogen
HIP 39017,K0,0.76,Hydrogen
HIP 41378,K3 V,0.85,Hydrogen
HIP 4845,K2,38.41,Hydrogen
HIP 48714,G0 V,1.34,Hydrogen
HIP 5158,F8,1.3,Hydrogen
HIP 54373,G2 V,0.96,Hydrogen
HIP 54597,G3 IV,1.16,Hydrogen
HIP 55507,G3 IV,1.16,Hydrogen
HIP 56640,G5IV,1.16,Hydrogen
HIP 56998,K4/5V,0.63,Hydrogen
HIP 57274,G5IV,1.16,Hydrogen
HIP 5763,G5IV,1.16,Hydrogen
HIP 63242,G5 V,1.22,Hydrogen
HIP 65,G5 V,1.25,Hydrogen
HIP 65407,G3 IV/V,1.36,Hydrogen
HIP 65426,,3.93,Hydrogen
HIP 65891,F7 V,1.68,Hydrogen
HIP 66074,G4 V,1.06,Hydrogen
HIP 67522,G4 V,1.06,Hydrogen
HIP 67537,G5,3.78,Hydrogen
HIP 67851,,1.19,Hydrogen
HIP 70849,K2 IV,0.88,Hydrogen
HIP 71135,G,1.59,Hydrogen
HIP 74890,G,1.59,Hydrogen
HIP 75092,K2 V,0.78,Hydrogen
HIP 77900,K2 V,0.78,Hydrogen
HIP 78530,F8 V,1.67,Hydrogen
HIP 79098,F8 V,1.67,Hydrogen
HIP 79431,G0,1.25,Hydrogen
HIP 81208,K4 III,11.47,Hydrogen
HIP 8152,G5 III/IV,2.34,Hydrogen
HIP 8541,G7 IV,0.95,Hydrogen
HIP 86057,K5,0.46,Hydrogen
HIP 86221,G7 IV,0.95,Hydrogen
HIP 90988,G0Vvar,1.39,Hydrogen
HIP 91258,K0,1.39,Hydrogen
HIP 94235,K0,1.39,Hydrogen
HIP 948,K0,1.39,Hydrogen
HIP 9618,K0,1.39,Hydrogen
HIP 97166,F7V,1.41,Hydrogen
HIP 97233,F7V,1.47,Hydrogen
HIP 99770,G9 IV-V,1.04,Hydrogen
HN Lib,K0,4.63,Hydrogen
HN Peg,G1 V,1.04,Hydrogen
HR 2562,F5,1.65,Hydrogen
HR 5183,G6 V,0.92,Hydrogen
HR 810,,1.65,Hydrogen
HR 858,G3 V,1.05,Hydrogen
HR 8799,K0,6.93,Hydrogen
HS Psc,G9 V,0.94,Hydrogen
HU Aqr,M0.0 V,0.63,Hydrogen
IC 4651 9122,G5,5.01,Hydrogen
iot Dra,,2.17,Hydrogen
ITG 15,G1 V,2.29,Hydrogen
K2-10,G0/2 V,1.21,Hydrogen
K2-100,F8,1.34,Hydrogen
K2-101,F8,1.34,Hydrogen
K2-102,K0 III/IV,3.86,Hydrogen
K2-104,G0,1.41,Hydrogen
K2-105,G0,1.44,Hydrogen
K2-107,K0V,0.89,Hydrogen
K2-108,K2 III,16.2,Hydrogen
K2-11,K0,4.67,Hydrogen
K2-110,G0 V,0.96,Hydrogen
K2-111,,1.17,Hydrogen
K2-113,G6 V,1.13,Hydrogen
K2-114,K0,5.14,Hydrogen
K2-115,G0,1.43,Hydrogen
K2-116,G0,1.43,Hydrogen
K2-117,K1 V,0.86,Hydrogen
K2-118,K0,0.75,Hydrogen
K2-119,K0,0.75,Hydrogen
K2-12,K0,0.75,Hydrogen
K2-121,F8 V,1.28,Hydrogen
K2-122,K0 IV-V,0.95,Hydrogen
K2-123,G9,0.85,Hydrogen
K2-124,K1 III,8.56,Hydrogen
K2-125,G3 IV,1.32,Hydrogen
K2-126,G5 V,2.3,Hydrogen
K2-127,G5 V,1.76,Hydrogen
K2-128,F8 IV,1.76,Hydrogen
K2-129,G0,1.38,Hydrogen
K2-13,G0,1.38,Hydrogen
K2-130,G2V,1.02,Hydrogen
K2-131,G2V,1.02,Hydrogen
K2-132,,2.76,Hydrogen
K2-133,,2.76,Hydrogen
K2-136,K2,0.72,Hydrogen
K2-137,K0,4.5,Hydrogen
K2-138,G0,1.21,Hydrogen
K2-139,K V,0.76,Hydrogen
K2-14,K V,0.76,Hydrogen
K2-140,G0 V,1.12,Hydrogen
K2-141,G0 V,1.12,Hydrogen
K2-146,G5 V,2.13,Hydrogen
K2-147,K1 IV,3.49,Hydrogen
K2-148,G3 IV-V,1.33,Hydrogen
K2-149,G3 IV-V,1.33,Hydrogen
K2-15,G9 III,10.95,Hydrogen
K2-150,G5 IV,1.48,Hydrogen
K2-151,G2,1.72,Hydrogen
K2-152,K3 V,0.75,Hydrogen
K2-153,G5,1.76,Hydrogen
K2-154,G5,1.76,Hydrogen
K2-155,G5,1.11,Hydrogen
K2-156,G9 V,0.95,Hydrogen
K2-157,G9 V,0.95,Hydrogen
K2-158,G9 V,0.95,Hydrogen
K2-159,G3/5 V,1.06,Hydrogen
K2-16,K3 V,0.54,Hydrogen
K2-160,K0 IV-V,0.8,Hydrogen
K2-161,K1 IV,4.63,Hydrogen
K2-162,G5 V,0.95,Hydrogen
K2-163,G8 III,9.7,Hydrogen
K2-164,G2V,1.21,Hydrogen
K2-165,G5,1.71,Hydrogen
K2-166,,1.6,Hydrogen
K2-167,K1 III,21.66,Hydrogen
K2-168,,0.83,Hydrogen
K2-169,,1.54,Hydrogen
K2-17,F8 V,1.94,Hydrogen
K2-170,F7 V,1.94,Hydrogen
K2-171,K0 III,13.58,Hydrogen
K2-172,G0,2.47,Hydrogen
K2-173,G5,1.55,Hydrogen
K2-174,G8,13.5,Hydrogen
K2-175,K2,26.6,Hydrogen
K2-176,G5 IV/V,1.75,Hydrogen
K2-177,G8 IV,4.19,Hydrogen
K2-178,G6 V,0.7,Hydrogen
K2-179,G0 V,1.18,Hydrogen
K2-18,K2.5 V,0.78,Hydrogen
K2-180,G8V,0.97,Hydrogen
K2-181,K0,3.26,Hydrogen
K2-182,K0,2.62,Hydrogen
K2-183,G5,1.08,Hydrogen
K2-184,K0,4.06,Hydrogen
K2-185,G6 IV,3.13,Hydrogen
K2-186,M2.5 V,0.48,Hydrogen
K2-187,K0 III/IV,4.16,Hydrogen
K2-188,K2,0.87,Hydrogen
K2-189,K3 IV,0.81,Hydrogen
K2-19,G1 V,1.5,Hydrogen
K2-190,G2 V,0.96,Hydrogen
K2-191,K0 III-IV,4.86,Hydrogen
K2-192,K0 III-IV,4.86,Hydrogen
K2-193,M2.5 III,88.48,Hydrogen
K2-194,G0 IV,2,Hydrogen
K2-195,K3 V,0.74,Hydrogen
K2-196,G0 V,1.27,Hydrogen
K2-197,G3 V,1.15,Hydrogen
K2-198,G3 V,1.15,Hydrogen
K2-199,,1.94,Hydrogen
K2-200,G3 V,1.04,Hydrogen
K2-201,K2 V,0.75,Hydrogen
K2-2016-BLG-0005L,G5 IV,2.59,Hydrogen
K2-202,G V,1.14,Hydrogen
K2-203,G6 IV,1.17,Hydrogen
K2-204,G5 V,1.38,Hydrogen
K2-205,F8 V,1.53,Hydrogen
K2-206,K0,1.4,Hydrogen
K2-207,,0.93,Hydrogen
K2-208,,0.93,Hydrogen
K2-209,,0.93,Hydrogen
K2-21,,0.93,Hydrogen
K2-210,,0.93,Hydrogen
K2-211,K2 V,0.74,Hydrogen
K2-212,K3V,0.86,Hydrogen
K2-213,K3V,0.81,Hydrogen
K2-214,G8 IV,4.41,Hydrogen
K2-215,,1.15,Hydrogen
K2-216,G3 IV-V,1.48,Hydrogen
K2-217,G3 V,1.42,Hydrogen
K2-218,G1 V,1.73,Hydrogen
K2-219,K0,32.3,Hydrogen
K2-22,G3V,0.92,Hydrogen
K2-220,F8 V,1.8,Hydrogen
K2-221,G8 V,0.92,Hydrogen
K2-222,G8 V,0.92,Hydrogen
K2-223,G8 IV,4.92,Hydrogen
K2-224,G6 V,1.04,Hydrogen
K2-225,K0 III-IV,6.43,Hydrogen
K2-226,,2.59,Hydrogen
K2-227,G8 V,0.86,Hydrogen
K2-228,,1.13,Hydrogen
K2-229,,10.59,Hydrogen
K2-230,G2/G3 IV/V,1.19,Hydrogen
K2-231,G5 V,1.1,Hydrogen
K2-232,G5 V,1.13,Hydrogen
K2-233,G5 V,1.13,Hydrogen
K2-237,F7 V,1.33,Hydrogen
K2-238,G5 IV/V,2.22,Hydrogen
K2-239,K0 III,6.12,Hydrogen
K2-24,K2.5 V,0.77,Hydrogen
K2-240,K0 V,0.83,Hydrogen
K2-241,K0 V,0.83,Hydrogen
K2-242,G1.5 V,1.13,Hydrogen
K2-243,G5 V,0.89,Hydrogen
K2-244,K0 V,0.78,Hydrogen
K2-245,G6 V,0.93,Hydrogen
K2-246,G6 V,0.93,Hydrogen
K2-247,G8,0.92,Hydrogen
K2-248,G2 V,1.2,Hydrogen
K2-249,M1 III,51.1,Hydrogen
K2-25,K3/4 IV,0.76,Hydrogen
K2-250,K0,4.98,Hydrogen
K2-251,,1.18,Hydrogen
K2-252,G3 V,1.06,Hydrogen
K2-253,G0 V,1.07,Hydrogen
K2-254,K1 IV,4.54,Hydrogen
K2-255,G5,1.13,Hydrogen
K2-257,K7 V,0.57,Hydrogen
K2-258,F8 V,1.16,Hydrogen
K2-259,G8 IV,5.27,Hydrogen
K2-26,G0/1 V,1.51,Hydrogen
K2-260,,1.43,Hydrogen
K2-261,,1.08,Hydrogen
K2-263,G,1.1,Hydrogen
K2-264,G,1.1,Hydrogen
K2-265,G0,2.04,Hydrogen
K2-266,K3 V,0.73,Hydrogen
K2-268,,1.04,Hydrogen
K2-269,K2,0.76,Hydrogen
K2-27,K2,0.76,Hydrogen
K2-270,K0,9.83,Hydrogen
K2-271,G8 V,0.91,Hydrogen
K2-272,G8 V,0.91,Hydrogen
K2-273,G8 IV,1.11,Hydrogen
K2-274,G8 IV,1.2,Hydrogen
K2-275,K4.5,0.7,Hydrogen
K2-276,F8 V,1.34,Hydrogen
K2-277,,1.33,Hydrogen
K2-278,K3V,0.85,Hydrogen
K2-279,G8 V+,1.91,Hydrogen
K2-28,K3 V,0.78,Hydrogen
K2-280,K3 V,0.78,Hydrogen
K2-281,K3 V,0.78,Hydrogen
K2-282,,1,Hydrogen
K2-283,K3 V,0.77,Hydrogen
K2-284,K3 V,0.77,Hydrogen
K2-285,G5 III,11.22,Hydrogen
K2-286,G0 IV,1.61,Hydrogen
K2-287,M2 III,54.92,Hydrogen
K2-288,G5,0.98,Hydrogen
K2-289,G3 V,1.07,Hydrogen
K2-29,F9,1.68,Hydrogen
K2-290,F8,1.42,Hydrogen
K2-291,K0 IV/V,2.94,Hydrogen
K2-292,G1 V,1.95,Hydrogen
K2-293,G8 IV,1.85,Hydrogen
K2-294,K0 III,4.1,Hydrogen
K2-295,G2 V,1.85,Hydrogen
K2-3,K3 V,0.71,Hydrogen
K2-30,G2 V,1.93,Hydrogen
K2-308,K5/M0V,0.67,Hydrogen
K2-31,G8 III/IV,5.69,Hydrogen
K2-315,F7/F8V,1.12,Hydrogen
K2-316,F9.5 V,1.07,Hydrogen
K2-317,F8 V,1.53,Hydrogen
K2-318,K5,10.9,Hydrogen
K2-319,G0,0.68,Hydrogen
K2-32,K4 V,0.71,Hydrogen
K2-320,K4 V,0.71,Hydrogen
K2-321,,0.79,Hydrogen
K2-322,F8,1.53,Hydrogen
K2-323,M0.0 V,0.57,Hydrogen
K2-324,K7,12.73,Hydrogen
K2-325,K3 III,25.46,Hydrogen
K2-326,K2 III,71.23,Hydrogen
K2-329,G0 V,1.3,Hydrogen
K2-33,G0 V,1.39,Hydrogen
K2-330,K0,40,Hydrogen
K2-331,G0 V,1.41,Hydrogen
K2-332,F8 V,1.23,Hydrogen
K2-333,,1.42,Hydrogen
K2-334,,1.42,Hydrogen
K2-335,K1 III,13.76,Hydrogen
K2-336,,1,Hydrogen
K2-337,,1,Hydrogen
K2-338,M0 V,0.44,Hydrogen
K2-339,M0 V,0.44,Hydrogen
K2-34,,1.46,Hydrogen
K2-340,K1 V,0.94,Hydrogen
K2-341,,1.56,Hydrogen
K2-342,K1/2III,3.18,Hydrogen
K2-343,G3 IV/V,0.92,Hydrogen
K2-344,K2 V,0.89,Hydrogen
K2-345,K2 V,0.89,Hydrogen
K2-346,G0 V,1.27,Hydrogen
K2-347,F8/G0 V,1.45,Hydrogen
K2-348,F8/G0 V,1.45,Hydrogen
K2-349,G5,1.03,Hydrogen
K2-35,G5,1.03,Hydrogen
K2-350,G5 V,1.48,Hydrogen
K2-351,K4.5 V,0.69,Hydrogen
K2-352,M2 V,0.48,Hydrogen
K2-353,G8 V,0.95,Hydrogen
K2-354,K1 III,4.5,Hydrogen
K2-355,K0 III,10.9,Hydrogen
K2-356,,0.57,Hydrogen
K2-357,G8 V,1.02,Hydrogen
K2-358,G8 V,1.18,Hydrogen
K2-36,G2 IV,1.61,Hydrogen
K2-365,F8,1.75,Hydrogen
K2-366,G2 V,1.07,Hydrogen
K2-367,G2 V,1.07,Hydrogen
K2-368,G2 V,1.07,Hydrogen
K2-369,K0 V,0.88,Hydrogen
K2-37,K0 V,0.88,Hydrogen
K2-370,K1,0.84,Hydrogen
K2-371,K0,1.11,Hydrogen
K2-372,K0 III,4.17,Hydrogen
K2-373,K0 III,4.17,Hydrogen
K2-374,K0 III,4.17,Hydrogen
K2-375,G3/G5 V,1.97,Hydrogen
K2-376,F6 V,1.44,Hydrogen
K2-377,K0 III,5.39,Hydrogen
K2-378,K0 III,5.29,Hydrogen
K2-379,G0 V,1.38,Hydrogen
K2-38,G0 V,1.38,Hydrogen
K2-380,G0 V,1.38,Hydrogen
K2-381,G0 V,1.38,Hydrogen
K2-382,G8 III,10.86,Hydrogen
K2-383,M0 III,38.4,Hydrogen
K2-384,K0 V,0.87,Hydrogen
K2-385,K0,0.91,Hydrogen
K2-386,K2V,0.83,Hydrogen
K2-387,F9.5 V,1.49,Hydrogen
K2-388,G4 IV,2.86,Hydrogen
K2-389,G4 IV,2.86,Hydrogen
K2-39,G0 V,1.19,Hydrogen
K2-390,K0 V,0.78,Hydrogen
K2-391,K0 V,0.78,Hydrogen
K2-392,K0 V,0.78,Hydrogen
K2-393,G8 V,0.74,Hydrogen
K2-394,K2.5 V,0.72,Hydrogen
K2-395,K2.5 V,0.72,Hydrogen
K2-396,K2.5 V,0.72,Hydrogen
K2-397,K0,8.56,Hydrogen
K2-398,F8 V,1.21,Hydrogen
K2-4,M2 V,1.04,Hydrogen
K2-400,G5,1.08,Hydrogen
K2-401,K0,0.82,Hydrogen
K2-402,G5,1.42,Hydrogen
K2-403,G5,1.5,Hydrogen
K2-404,G7 V Fe-1 CH-0.5,0.85,Hydrogen
K2-405,G4 V,1,Hydrogen
K2-406,,0.98,Hydrogen
K2-407,G5V,1.02,Hydrogen
K2-408,G8 V,1,Hydrogen
K2-409,G8 V,1,Hydrogen
K2-411,G0,1.6,Hydrogen
K2-412,G3 V,1.32,Hydrogen
K2-413,G1.5 V,1.08,Hydrogen
K2-414,G5 V,1.26,Hydrogen
K2-415,K0 V,0.89,Hydrogen
K2-416,G8/K0,0.94,Hydrogen
K2-417,,1.28,Hydrogen
K2-419,K1 IV-V,0.91,Hydrogen
K2-42,G6 V,1.08,Hydrogen
K2-43,G6 V,1.08,Hydrogen
K2-44,K0 IV,5.03,Hydrogen
K2-45,K1 III,7.3,Hydrogen
K2-46,K1 III,7.3,Hydrogen
K2-47,K1 III,23.47,Hydrogen
K2-48,K2,42.4,Hydrogen
K2-49,G5 IV/V,1.9,Hydrogen
K2-5,K3 V,0.68,Hydrogen
K2-50,,0.63,Hydrogen
K2-52,K0 III/IV,5.01,Hydrogen
K2-53,G5 V,1.02,Hydrogen
K2-54,G1 V,1.35,Hydrogen
K2-55,G1 V,1.42,Hydrogen
K2-57,F8 V,1.02,Hydrogen
K2-58,G7 V,0.92,Hydrogen
K2-59,F V,1.19,Hydrogen
K2-6,G5,4.06,Hydrogen
K2-60,G5,4.06,Hydrogen
K2-61,G0 V,1.52,Hydrogen
K2-62,,9.09,Hydrogen
K2-63,G2/G3 V,1.01,Hydrogen
K2-64,,1.78,Hydrogen
K2-65,G5,10.64,Hydrogen
K2-66,K2 III,13.2,Hydrogen
K2-68,K0 III,27,Hydrogen
K2-69,F6 IV,2.57,Hydrogen
K2-7,F6 IV,2.57,Hydrogen
K2-70,,1.01,Hydrogen
K2-71,F7 V,1.4,Hydrogen
K2-72,F7 V,1.4,Hydrogen
K2-73,,0.92,Hydrogen
K2-74,,0.92,Hydrogen
K2-75,K4 V,0.77,Hydrogen
K2-77,,0.96,Hydrogen
K2-79,,0.96,Hydrogen
K2-8,G7 V,0.88,Hydrogen
K2-80,G2/3 V,1.12,Hydrogen
K2-81,K2 III,21.4,Hydrogen
K2-83,G8 IV (+ G),1.13,Hydrogen
K2-84,F8 V,1.55,Hydrogen
K2-85,G5 V,0.95,Hydrogen
K2-86,G5 IV/V,1.02,Hydrogen
K2-87,M0 III,86.4,Hydrogen
K2-88,G2 V,1.19,Hydrogen
K2-89,G2 V,1.26,Hydrogen
K2-9,K1 III,7.72,Hydrogen
K2-90,K0V,0.89,Hydrogen
K2-91,K0V,0.89,Hydrogen
K2-95,G1-1.5 V,0.98,Hydrogen
K2-97,G6 V,0.98,Hydrogen
K2-98,K1 IV,0.97,Hydrogen
K2-99,G5,4.96,Hydrogen
kap And,,1.21,Hydrogen
kap CrB,,0.92,Hydrogen
Kapteyn,M1,0.68,Hydrogen
KELT-1,G2 V,1.46,Hydrogen
KELT-10,G2 V,1.46,Hydrogen
KELT-11,G5 V,1.22,Hydrogen
KELT-12,G8 IV,0.94,Hydrogen
KELT-14,K0 V,0.91,Hydrogen
KELT-15,K0 V,0.96,Hydrogen
KELT-16,F6 V,1.22,Hydrogen
KELT-17,F6 V,1.22,Hydrogen
KELT-18,F6 V,1.22,Hydrogen
KELT-19,G6 V,1.53,Hydrogen
KELT-2,G6 V,1.53,Hydrogen
KELT-20,G5,2.58,Hydrogen
KELT-21,K4 V,0.65,Hydrogen
KELT-23,K4 V,0.65,Hydrogen
KELT-24,G0,1.51,Hydrogen
KELT-3,G0,1.51,Hydrogen
KELT-4,F9.5 V,0.97,Hydrogen
KELT-6,G5 V,1.33,Hydrogen
KELT-7,G0,1.23,Hydrogen
KELT-8,G5 V,0.94,Hydrogen
KELT-9,G5,3.4,Hydrogen
Kepler-10,K1 III,5.77,Hydrogen
Kepler-100,B9 V,2.11,Hydrogen
Kepler-1000,,0.96,Hydrogen
Kepler-1001,,0.96,Hydrogen
Kepler-1002,K5 V,,Hydrogen
Kepler-1003,K1 III,3.94,Hydrogen
Kepler-1004,G5 V,0.89,Hydrogen
Kepler-1005,G V,1.08,Hydrogen
Kepler-1006,,0.69,Hydrogen
Kepler-1007,,0.96,Hydrogen
Kepler-1008,,0.96,Hydrogen
Kepler-1009,K0 V,0.84,Hydrogen
Kepler-101,K0 V,0.84,Hydrogen
Kepler-1010,A5-A6,1.94,Hydrogen
Kepler-1011,M4.0 V,0.3,Hydrogen
Kepler-1012,G0 V,1.01,Hydrogen
Kepler-1013,F5 V,1.47,Hydrogen
Kepler-1014,G0 V,1.53,Hydrogen
Kepler-1015,G0V,1.13,Hydrogen
Kepler-1016,F6 V,1.31,Hydrogen
Kepler-1017,F6 V,1.31,Hydrogen
Kepler-1018,A5 V,1.49,Hydrogen
Kepler-1019,A5 V,1.49,Hydrogen
Kepler-102,A5 V,1.49,Hydrogen
Kepler-1020,,10.27,Hydrogen
Kepler-1021,,1.45,Hydrogen
Kepler-1022,,,Hydrogen
Kepler-1023,F9,0.98,Hydrogen
Kepler-1024,G0 V,1.24,Hydrogen
Kepler-1025,K3,0.76,Hydrogen
Kepler-1026,K5,0.71,Hydrogen
Kepler-324,F6,1.35,Hydrogen
Kepler-561,M2.5e,0.48,Hydrogen
Kepler-562,K1,0.97,Hydrogen
Kepler-563,F9 IV,1.81,Hydrogen
Kepler-564,,1.76,Hydrogen
Kepler-565,G8,5.15,Hydrogen
Kepler-566,K3 V,0.71,Hydrogen
Kepler-567,G2,1.25,Hydrogen
Kepler-568,G2,1.25,Hydrogen
Kepler-569,G,1.24,Hydrogen
Kepler-57,,0.87,Hydrogen
Kepler-570,,0.67,Hydrogen
Kepler-571,M1.0 V,0.51,Hydrogen
Kepler-572,M1.0 V,0.51,Hydrogen
Kepler-573,,0.73,Hydrogen
Kepler-574,,0.71,Hydrogen
Kepler-575,F9,1.12,Hydrogen
Kepler-576,,0.67,Hydrogen
Kepler-577,M0,0.59,Hydrogen
Kepler-578,,0.59,Hydrogen
Kepler-579,,0.39,Hydrogen
Kepler-58,,0.4,Hydrogen
Kepler-580,,0.36,Hydrogen
Kepler-581,G3,0.78,Hydrogen
Kepler-582,,0.74,Hydrogen
Kepler-583,,0.76,Hydrogen
Kepler-584,,3.85,Hydrogen
Kepler-585,M1.5 V,0.46,Hydrogen
Kepler-586,M1.5 V,0.46,Hydrogen
Kepler-587,M1.5 V,0.46,Hydrogen
Kepler-588,M1.5 V,0.46,Hydrogen
Kepler-589,K5.5,0.68,Hydrogen
Kepler-59,K5.5,0.68,Hydrogen
Kepler-590,G8 V,0.86,Hydrogen
Kepler-591,G8 V,0.86,Hydrogen
Kepler-592,G8 V,0.86,Hydrogen
Kepler-593,G8 V,0.86,Hydrogen
Kepler-594,G8 V,0.86,Hydrogen
Kepler-595,G8 V,0.86,Hydrogen
Kepler-596,M0,0.45,Hydrogen
Kepler-597,G6 V,1.06,Hydrogen
Kepler-598,K7 V,0.68,Hydrogen
Kepler-599,M3.0 V,0.33,Hydrogen
Kepler-6,M3.0 V,0.33,Hydrogen
Kepler-60,,0.57,Hydrogen
Kepler-600,,0.63,Hydrogen
Kepler-601,M1.0 V,0.57,Hydrogen
Kepler-602,G8,0.68,Hydrogen
Kepler-603,M2.5 V,0.44,Hydrogen
Kepler-604,M3.0 V,0.53,Hydrogen
Kepler-605,M0.0 V,0.63,Hydrogen
Kepler-606,K7,0.58,Hydrogen
Kepler-607,K7,0.58,Hydrogen
Kepler-608,,0.62,Hydrogen
Kepler-609,,0.88,Hydrogen
Kepler-61,,0.95,Hydrogen
Kepler-610,,0.95,Hydrogen
Kepler-611,K3 V,0.66,Hydrogen
Kepler-612,K3 V,0.66,Hydrogen
Kepler-613,,0.91,Hydrogen
Kepler-614,,2.57,Hydrogen
Kepler-615,,0.69,Hydrogen
Kepler-616,,0.76,Hydrogen
Kepler-617,,0.8,Hydrogen
Kepler-618,,0.8,Hydrogen
Kepler-619,,1.61,Hydrogen
Kepler-62,,0.92,Hydrogen
Kepler-620,,0.87,Hydrogen
Kepler-621,,0.87,Hydrogen
Kepler-622,,0.84,Hydrogen
Kepler-623,,0.68,Hydrogen
Kepler-624,,1.42,Hydrogen
Kepler-625,,0.86,Hydrogen
Kepler-626,,0.89,Hydrogen
Kepler-627,,0.77,Hydrogen
Kepler-629,M2.5 V,0.44,Hydrogen
Kepler-63,M2.5 V,0.44,Hydrogen
Kepler-630,,0.69,Hydrogen
Kepler-631,,1.07,Hydrogen
Kepler-632,,0.8,Hydrogen
Kepler-633,,0.87,Hydrogen
Kepler-634,,0.87,Hydrogen
Kepler-635,,0.75,Hydrogen
Kepler-636,,0.94,Hydrogen
Kepler-637,,0.94,Hydrogen
Kepler-638,,0.98,Hydrogen
Kepler-639,,0.83,Hydrogen
Kepler-640,,0.83,Hydrogen
Kepler-641,,0.83,Hydrogen
Kepler-642,,0.83,Hydrogen
Kepler-643,,1.19,Hydrogen
Kepler-644,,1.19,Hydrogen
Kepler-645,,0.87,Hydrogen
Kepler-646,,0.87,Hydrogen
Kepler-647,G9 V,0.82,Hydrogen
Kepler-648,G9 V,0.82,Hydrogen
Kepler-649,,0.91,Hydrogen
Kepler-65,,0.91,Hydrogen
Kepler-650,,1.28,Hydrogen
Kepler-651,,0.99,Hydrogen
Kepler-652,,0.91,Hydrogen
Kepler-653,,1.54,Hydrogen
Kepler-654,,0.76,Hydrogen
Kepler-655,,0.76,Hydrogen
Kepler-656,,0.76,Hydrogen
Kepler-657,,0.68,Hydrogen
Kepler-658,,0.79,Hydrogen
Kepler-659,,0.88,Hydrogen
Kepler-66,,0.88,Hydrogen
Kepler-660,,,Hydrogen
Kepler-661,,0.91,Hydrogen
Kepler-662,,0.77,Hydrogen
Kepler-663,,1.25,Hydrogen
Kepler-664,,1.08,Hydrogen
Kepler-665,,0.76,Hydrogen
Kepler-666,,0.93,Hydrogen
Kepler-667,,0.87,Hydrogen
Kepler-668,,0.71,Hydrogen
Kepler-669,M0.0,0.65,Hydrogen
Kepler-67,M0.0,0.65,Hydrogen
Kepler-670,,0.89,Hydrogen
Kepler-671,,0.82,Hydrogen
Kepler-672,,0.65,Hydrogen
Kepler-673,,1.2,Hydrogen
Kepler-674,,1.27,Hydrogen
Kepler-675,,0.97,Hydrogen
Kepler-676,K5 V,0.72,Hydrogen
Kepler-677,,1.33,Hydrogen
Kepler-678,,1.01,Hydrogen
Kepler-679,,1.19,Hydrogen
Kepler-68,,1.19,Hydrogen
Kepler-680,,0.95,Hydrogen
Kepler-681,,1.12,Hydrogen
Kepler-682,,1,Hydrogen
Kepler-683,,1,Hydrogen
Kepler-684,,0.84,Hydrogen
Kepler-685,,0.84,Hydrogen
Kepler-686,,1.7,Hydrogen
Kepler-687,,0.91,Hydrogen
Kepler-688,,0.89,Hydrogen
Kepler-689,,0.65,Hydrogen
Kepler-69,G9,0.79,Hydrogen
Kepler-690,,1.39,Hydrogen
Kepler-691,,0.95,Hydrogen
Kepler-692,,1.16,Hydrogen
Kepler-693,K3,0.71,Hydrogen
Kepler-694,K3,0.71,Hydrogen
Kepler-695,K3,0.71,Hydrogen
Kepler-696,,1.26,Hydrogen
Kepler-697,G2 V,1.59,Hydrogen
Kepler-698,M3.0 V,0.36,Hydrogen
Kepler-7,M3.0 V,0.36,Hydrogen
Kepler-700,M3.0 V,0.36,Hydrogen
Kepler-701,G9 V,1.16,Hydrogen
Kepler-702,G9 V,1.16,Hydrogen
Kepler-703,M0.5 V,0.54,Hydrogen
Kepler-704,M0.5 V,0.54,Hydrogen
Kepler-705,,0.75,Hydrogen
Kepler-707,,0.37,Hydrogen
Kepler-708,,1.39,Hydrogen
Kepler-709,,1.39,Hydrogen
Kepler-710,,0.92,Hydrogen
Kepler-711,,1.25,Hydrogen
Kepler-712,,0.94,Hydrogen
Kepler-713,,0.69,Hydrogen
Kepler-714,,0.92,Hydrogen
Kepler-715,,1.57,Hydrogen
Kepler-716,M4.5 V,0.29,Hydrogen
Kepler-717,,0.49,Hydrogen
Kepler-718,,0.82,Hydrogen
Kepler-719,,1.1,Hydrogen
Kepler-720,,0.67,Hydrogen
Kepler-721,,0.67,Hydrogen
Kepler-722,,0.69,Hydrogen
Kepler-723,,1.31,Hydrogen
Kepler-724,,1.13,Hydrogen
Kepler-725,M1.0 V,0.52,Hydrogen
Kepler-726,,1.69,Hydrogen
Kepler-727,,1.67,Hydrogen
Kepler-728,G9 V,0.85,Hydrogen
Kepler-729,M2.5 V,0.47,Hydrogen
Kepler-730,M2.5 V,0.47,Hydrogen
Kepler-731,,0.7,Hydrogen
Kepler-732,,0.7,Hydrogen
Kepler-733,,0.7,Hydrogen
Kepler-734,,0.78,Hydrogen
Kepler-735,,0.78,Hydrogen
Kepler-736,,0.78,Hydrogen
Kepler-737,,0.78,Hydrogen
Kepler-738,,0.78,Hydrogen
Kepler-739,,1.45,Hydrogen
Kepler-74,,0.86,Hydrogen
Kepler-740,,0.77,Hydrogen
Kepler-741,,0.77,Hydrogen
Kepler-742,,0.99,Hydrogen
Kepler-743,,0.83,Hydrogen
Kepler-744,,0.85,Hydrogen
Kepler-745,,0.7,Hydrogen
Kepler-746,,0.69,Hydrogen
Kepler-747,,0.69,Hydrogen
Kepler-748,,0.85,Hydrogen
Kepler-749,,0.97,Hydrogen
Kepler-75,,1.61,Hydrogen
Kepler-750,,0.86,Hydrogen
Kepler-751,,1.28,Hydrogen
Kepler-752,,0.76,Hydrogen
Kepler-753,,1,Hydrogen
Kepler-754,,0.82,Hydrogen
Kepler-755,,0.61,Hydrogen
Kepler-756,K2 V,0.79,Hydrogen
Kepler-757,K2 V,0.79,Hydrogen
Kepler-758,K2 V,0.79,Hydrogen
Kepler-759,,1.03,Hydrogen
Kepler-76,G7 V,0.86,Hydrogen
Kepler-760,,1.51,Hydrogen
Kepler-761,,0.9,Hydrogen
Kepler-762,G3 V,1.09,Hydrogen
Kepler-763,,0.95,Hydrogen
Kepler-764,M V,0.55,Hydrogen
Kepler-765,M V,0.55,Hydrogen
Kepler-766,M V,0.55,Hydrogen
Kepler-767,G6 V,0.84,Hydrogen
Kepler-768,,1.24,Hydrogen
Kepler-769,G7 V,0.78,Hydrogen
Kepler-77,M(3.5+/-0.5) V,0.2,Hydrogen
Kepler-770,,0.38,Hydrogen
Kepler-771,,0.55,Hydrogen
Kepler-772,,0.9,Hydrogen
Kepler-773,G9 V,0.86,Hydrogen
Kepler-774,G9 V,0.86,Hydrogen
Kepler-775,G9 V,0.86,Hydrogen
Kepler-776,G9 V,0.86,Hydrogen
Kepler-777,,0.3,Hydrogen
Kepler-778,,0.58,Hydrogen
Kepler-779,,0.6,Hydrogen
Kepler-78,,0.55,Hydrogen
Kepler-780,,0.51,Hydrogen
Kepler-781,,0.3,Hydrogen
Kepler-782,,0.69,Hydrogen
Kepler-783,,0.89,Hydrogen
Kepler-784,,1.5,Hydrogen
Kepler-785,,1.06,Hydrogen
Kepler-786,,0.28,Hydrogen
Kepler-787,,1.22,Hydrogen
Kepler-788,,1.49,Hydrogen
Kepler-789,,1.33,Hydrogen
Kepler-79,,0.8,Hydrogen
Kepler-790,F,1.42,Hydrogen
Kepler-791,,1.13,Hydrogen
Kepler-792,,1.16,Hydrogen
Kepler-793,,1.09,Hydrogen
Kepler-794,,0.46,Hydrogen
Kepler-795,,0.46,Hydrogen
Kepler-796,,0.49,Hydrogen
Kepler-797,,0.52,Hydrogen
Kepler-798,,0.7,Hydrogen
Kepler-799,,0.63,Hydrogen
Kepler-8,,0.85,Hydrogen
Kepler-80,,0.49,Hydrogen
Kepler-800,,0.95,Hydrogen
Kepler-801,,0.95,Hydrogen
Kepler-802,,0.95,Hydrogen
Kepler-803,,0.99,Hydrogen
Kepler-804,,0.41,Hydrogen
Kepler-805,,0.86,Hydrogen
Kepler-806,,1,Hydrogen
Kepler-808,,0.91,Hydrogen
Kepler-809,K2 V,0.72,Hydrogen
Kepler-81,K2 V,0.72,Hydrogen
Kepler-810,,0.94,Hydrogen
Kepler-811,,0.62,Hydrogen
Kepler-812,,0.66,Hydrogen
Kepler-813,,0.66,Hydrogen
Kepler-814,,0.66,Hydrogen
Kepler-815,,0.88,Hydrogen
Kepler-816,G3 V,0.85,Hydrogen
Kepler-817,G3 V,0.85,Hydrogen
Kepler-818,G3 V,0.85,Hydrogen
Kepler-819,G8,0.97,Hydrogen
Kepler-82,,0.74,Hydrogen
Kepler-820,,1.54,Hydrogen
Kepler-821,G1,1.15,Hydrogen
Kepler-822,,0.69,Hydrogen
Kepler-823,,0.73,Hydrogen
Kepler-824,,0.75,Hydrogen
Kepler-825,G2 V,1.14,Hydrogen
Kepler-826,,1.32,Hydrogen
Kepler-827,,0.68,Hydrogen
Kepler-828,,0.68,Hydrogen
Kepler-829,,0.68,Hydrogen
Kepler-83,,0.81,Hydrogen
Kepler-830,M4 V,0.35,Hydrogen
Kepler-831,M4 V,0.35,Hydrogen
Kepler-832,M4 V,0.35,Hydrogen
Kepler-833,M4 V,0.35,Hydrogen
Kepler-834,,0.76,Hydrogen
Kepler-835,,0.97,Hydrogen
Kepler-836,,0.59,Hydrogen
Kepler-837,G8,0.9,Hydrogen
Kepler-838,G3,1.08,Hydrogen
Kepler-839,G3,1.08,Hydrogen
Kepler-84,,2.97,Hydrogen
Kepler-841,,0.63,Hydrogen
Kepler-842,K0,0.78,Hydrogen
Kepler-843,K0,0.78,Hydrogen
Kepler-844,G9,0.92,Hydrogen
Kepler-845,G9,0.92,Hydrogen
Kepler-846,G7,0.97,Hydrogen
Kepler-847,G2,1.24,Hydrogen
Kepler-848,G2,1.24,Hydrogen
Kepler-849,,0.57,Hydrogen
Kepler-85,M3,0.38,Hydrogen
Kepler-850,M1,0.55,Hydrogen
Kepler-851,K0,0.77,Hydrogen
Kepler-852,G4,0.96,Hydrogen
Kepler-853,G4,0.93,Hydrogen
Kepler-855,G4,0.93,Hydrogen
Kepler-856,G7,0.78,Hydrogen
Kepler-857,G4,1.23,Hydrogen
Kepler-858,,1.38,Hydrogen
Kepler-859,,0.98,Hydrogen
Kepler-860,,0.7,Hydrogen
Kepler-861,,0.7,Hydrogen
Kepler-862,,0.73,Hydrogen
Kepler-968,K7V,0.6,Hydrogen
Kepler-996,,0.73,Hydrogen
Kepler-997,M5 V,0.2,Hydrogen
Kepler-998,M V,0.55,Hydrogen
Kepler-999,M V,0.58,Hydrogen
KIC 10001893,G5,3.4,Hydrogen
KIC 10068024,G6 V,1.37,Hydrogen
KIC 10525077,K1 III,8.33,Hydrogen
KIC 3526061,K0 IV,0.97,Hydrogen
KIC 3558849,F5,1.32,Hydrogen
KIC 5437945,G8 III,11.06,Hydrogen
KIC 5479689,K0.5 V,0.78,Hydrogen
KIC 7917485,K0.5 V,0.78,Hydrogen
KIC 8121913,K0.5 V,0.78,Hydrogen
KIC 9663113,G2,1.22,Hydrogen
KMT-2016-BLG-0212L,G5,1.06,Hydrogen
KMT-2016-BLG-1105L,,0.81,Hydrogen
KMT-2016-BLG-1107L,,1.65,Hydrogen
KMT-2016-BLG-1397L,G2/G3,0.91,Hydrogen
KMT-2016-BLG-1820L,K0 III-IV,11.13,Hydrogen
KMT-2016-BLG-1836L,K3 III,83.8,Hydrogen
KMT-2016-BLG-2142L,K3 III,109.46,Hydrogen
KMT-2016-BLG-2321L,G0,5.26,Hydrogen
KMT-2016-BLG-2364L,G2/3V,1.18,Hydrogen
KMT-2016-BLG-2397L,G2/3V,1.18,Hydrogen
KMT-2016-BLG-2605L,K2 V,0.78,Hydrogen
KMT-2017-BLG-0165L,K0 V,0.94,Hydrogen
KMT-2017-BLG-0428L,K0 V,0.94,Hydrogen
KMT-2017-BLG-0673L,G0 V,1.19,Hydrogen
KMT-2017-BLG-1003L,K1.5 V,0.8,Hydrogen
KMT-2017-BLG-1038L,F8,1.38,Hydrogen
KMT-2017-BLG-1146L,,0.78,Hydrogen
KMT-2017-BLG-1194L,F8,1.46,Hydrogen
KMT-2017-BLG-2509L,G1 V,1.05,Hydrogen
KMT-2018-BLG-0029L,G1 V,1.05,Hydrogen
KMT-2018-BLG-0030L,F7 V,1.88,Hydrogen
KMT-2018-BLG-0087L,G1V,1.24,Hydrogen
KMT-2018-BLG-0247L,F5,1.5,Hydrogen
KMT-2018-BLG-0748L,K1 III,8.8,Hydrogen
KMT-2018-BLG-0885L,G,1.55,Hydrogen
KMT-2018-BLG-1025L,K0,0.8,Hydrogen
KMT-2018-BLG-1292L,,1.03,Hydrogen
KMT-2018-BLG-1743L,G5,2.2,Hydrogen
KMT-2018-BLG-1976L,G2 V,1.54,Hydrogen
KMT-2018-BLG-1988L,G0 V,1.1,Hydrogen
KMT-2018-BLG-1990L,G5,1.66,Hydrogen
KMT-2018-BLG-1996L,F7 V,2.13,Hydrogen
KMT-2018-BLG-2602L,F7 V,1.29,Hydrogen
KMT-2019-BLG-0253L,G5V,0.92,Hydrogen
KMT-2019-BLG-0297L,G8 IV,1.67,Hydrogen
KMT-2019-BLG-0298L,G6 V,1.14,Hydrogen
KMT-2019-BLG-0335L,G6 V,1.14,Hydrogen
KMT-2019-BLG-0371L,K3 V,0.85,Hydrogen
KMT-2019-BLG-0414L,,0.91,Hydrogen
KMT-2019-BLG-0842L,,0.91,Hydrogen
KMT-2019-BLG-0953L,G2/G3 V,1.18,Hydrogen
KMT-2019-BLG-1042L,G2/G3 V,1.18,Hydrogen
KMT-2019-BLG-1216L,G2/G3 V,1.18,Hydrogen
KMT-2019-BLG-1339L,G0 V,1.03,Hydrogen
KMT-2019-BLG-1367L,G0 V,1.03,Hydrogen
KMT-2019-BLG-1552L,G5 V,1,Hydrogen
KMT-2019-BLG-1715L,G5 V,1,Hydrogen
KMT-2019-BLG-1806L,G3/G5 V,1.9,Hydrogen
KMT-2019-BLG-1953L,K0,4.2,Hydrogen
KMT-2019-BLG-2783L,A8 III,1.49,Hydrogen
KMT-2019-BLG-2974L,G8/K0 IV,5.08,Hydrogen
KMT-2020-BLG-0414L,G8/K0 IV,5.08,Hydrogen
KMT-2021-BLG-0119L,K0.5 V,0.87,Hydrogen
KMT-2021-BLG-0171L,G0,1.09,Hydrogen
KMT-2021-BLG-0192L,M1.5 V,0.37,Hydrogen
KMT-2021-BLG-0240L,K0 V,0.84,Hydrogen
KMT-2021-BLG-0320L,G6 V,4.75,Hydrogen
KMT-2021-BLG-0322L,K2 III,51.1,Hydrogen
KMT-2021-BLG-0712L,G5,1.94,Hydrogen
KMT-2021-BLG-0748L,G0 V,1.16,Hydrogen
KMT-2021-BLG-0909L,G0 V,1.16,Hydrogen
KMT-2021-BLG-0912L,G0 V,1.16,Hydrogen
KMT-2021-BLG-1077L,K0,7.43,Hydrogen
KMT-2021-BLG-1105L,Be9.5/AO,2.25,Hydrogen
KMT-2021-BLG-1150L,K1 V,0.73,Hydrogen
KMT-2021-BLG-1253L,K0 III/IV,4.6,Hydrogen
KMT-2021-BLG-1303L,G3/G5 V,1.01,Hydrogen
KMT-2021-BLG-1372L,G5,0.93,Hydrogen
KMT-2021-BLG-1391L,G8/K0 IV,0.98,Hydrogen
KMT-2021-BLG-1547L,K0 III,11.21,Hydrogen
KMT-2021-BLG-1554L,K2 V,0.82,Hydrogen
KMT-2021-BLG-1689L,K2 V,0.82,Hydrogen
KMT-2021-BLG-1770L,K0,5.52,Hydrogen
KMT-2021-BLG-1898L,K0,5.4,Hydrogen
KMT-2021-BLG-2010L,K2 III,10.31,Hydrogen
KMT-2021-BLG-2294L,M0 V,0.51,Hydrogen
KMT-2021-BLG-2478L,K1 III,11.6,Hydrogen
KMT-2021-BLG-2609L,G5,0.83,Hydrogen
KMT-2022-BLG-0303L,G5,0.97,Hydrogen
KMT-2022-BLG-0371L,,0.74,Hydrogen
KMT-2022-BLG-0440L,,0.74,Hydrogen
KMT-2022-BLG-1013L,K0 III,5.27,Hydrogen
KMT-2022-BLG-2286L,K1,0.76,Hydrogen
KMT-2023-BLG-0416L,M0,0.65,Hydrogen
KMT-2023-BLG-0469L,G5,1.07,Hydrogen
KMT-2023-BLG-0735L,G5,1.07,Hydrogen
KMT-2023-BLG-1431L,G5,1.07,Hydrogen
KMT-2023-BLG-1454L,,0.77,Hydrogen
KMT-2023-BLG-1642L,F5 V,1.59,Hydrogen
KMT-2023-BLG-1743L,,0.98,Hydrogen
KMT-2023-BLG-1866L,,0.98,Hydrogen
KMT-2024-BLG-1044L,K7 V,0.62,Hydrogen
KOI-12,K2 V,0.77,Hydrogen
KOI-1257,,0.7,Hydrogen
KOI-13,M0,0.63,Hydrogen
KOI-142,M0,0.63,Hydrogen
KOI-1599,F6,1.35,Hydrogen
KOI-1783,F6,1.35,Hydrogen
KOI-217,M0.5 Ve,0.6,Hydrogen
KOI-2513,,0.75,Hydrogen
KOI-3503,,0.75,Hydrogen
KOI-351,K5 V,0.56,Hydrogen
KOI-3680,K6 V,0.75,Hydrogen
KOI-4777,G8,10.28,Hydrogen
KOI-4978,K4 V,0.72,Hydrogen
KOI-55,K0,0.95,Hydrogen
KOI-7368,A2 V,1.77,Hydrogen
KOI-7892,G5,1.05,Hydrogen
KOI-7913,K0 III,8.93,Hydrogen
KOI-94,,0.69,Hydrogen
KOI-984,K0 III,5.95,Hydrogen
KPS-1,K7 V,0.63,Hydrogen
L 168-9,,0.54,Hydrogen
L 363-38,,0.64,Hydrogen
L 98-59,,0.56,Hydrogen
LHS 1140,,1.29,Hydrogen
LHS 1478,,0.73,Hydrogen
LHS 1678,,0.45,Hydrogen
LHS 1815,,0.55,Hydrogen
LHS 3154,,2.19,Hydrogen
LHS 3844,,0.81,Hydrogen
LHS 475,,0.64,Hydrogen
LkCa 15,,1.63,Hydrogen
LP 714-47,,0.63,Hydrogen
LP 791-18,,0.67,Hydrogen
LP 890-9,,0.86,Hydrogen
LSPM J2116+0234,,0.73,Hydrogen
LTT 1445,,0.96,Hydrogen
LTT 3780,,1.36,Hydrogen
LTT 9779,,0.73,Hydrogen
Luhman 16,,0.73,Hydrogen
Lupus-TR-3,,0.84,Hydrogen
M62H,,1.67,Hydrogen
MASCARA-1,,0.68,Hydrogen
MASCARA-4,,0.49,Hydrogen
MOA-2007-BLG-192L,,1.6,Hydrogen
MOA-2007-BLG-400L,,0.93,Hydrogen
MOA-2008-BLG-310L,,0.43,Hydrogen
MOA-2008-BLG-379L,,0.33,Hydrogen
MOA-2009-BLG-266L,,0.33,Hydrogen
MOA-2009-BLG-319L,,0.33,Hydrogen
MOA-2009-BLG-387L,,0.33,Hydrogen
MOA-2010-BLG-073L,,1.06,Hydrogen
MOA-2010-BLG-117L,,0.98,Hydrogen
MOA-2010-BLG-328L,,1.56,Hydrogen
MOA-2010-BLG-353L,,1.56,Hydrogen
MOA-2010-BLG-477L,,0.78,Hydrogen
MOA-2011-BLG-028L,,1.27,Hydrogen
MOA-2011-BLG-262L,K3 V,0.74,Hydrogen
MOA-2011-BLG-291L,K3 V,0.74,Hydrogen
MOA-2011-BLG-293L,,0.87,Hydrogen
MOA-2011-BLG-322L,,0.87,Hydrogen
MOA-2012-BLG-006L,,0.84,Hydrogen
MOA-2012-BLG-505L,,0.63,Hydrogen
MOA-2013-BLG-220L,,0.42,Hydrogen
MOA-2013-BLG-605L,,0.42,Hydrogen
MOA-2015-BLG-337L,,0.93,Hydrogen
MOA-2016-BLG-227L,,0.93,Hydrogen
MOA-2016-BLG-319L,,0.68,Hydrogen
MOA-2016-BLG-526L,,0.76,Hydrogen
MOA-2019-BLG-008L,,1.4,Hydrogen
MOA-2020-BLG-135L,,0.26,Hydrogen
MOA-2020-BLG-208L,,0.32,Hydrogen
MOA-2022-BLG-249L,M2.5 V,0.31,Hydrogen
MOA-2022-BLG-563L,,0.62,Hydrogen
MOA-bin-1L,,0.63,Hydrogen
MOA-bin-29,,0.28,Hydrogen
mu Leo,,1.16,Hydrogen
mu2 Sco,,1.33,Hydrogen
MWC 758,M3.0,0.4,Hydrogen
MXB 1658-298,,4.2,Hydrogen
NGC 2682 Sand 1429,,1.57,Hydrogen
NGC 2682 Sand 364,G0 IV,2.63,Hydrogen
NGC 2682 Sand 978,,1.46,Hydrogen
NGC 2682 YBP 1194,G0 V,1.21,Hydrogen
NGC 2682 YBP 1514,G8/K0 IV,2.69,Hydrogen
NGC 2682 YBP 401,,2.37,Hydrogen
NGTS-1,G4,1.52,Hydrogen
NGTS-10,,1.78,Hydrogen
NGTS-11,F7 V,1.36,Hydrogen
NGTS-12,A,1.65,Hydrogen
NGTS-13,,1.91,Hydrogen
NGTS-14,A8 V,1.83,Hydrogen
NGTS-15,F8,1.93,Hydrogen
NGTS-16,A2 V,1.57,Hydrogen
NGTS-17,,1.64,Hydrogen
NGTS-18,G2 V,1,Hydrogen
NGTS-2,F7,1.34,Hydrogen
NGTS-20,,1.47,Hydrogen
NGTS-21,,1.6,Hydrogen
NGTS-23,F8,1.73,Hydrogen
NGTS-24,F8,1.53,Hydrogen
NGTS-25,F,1.73,Hydrogen
NGTS-26,G2 V,1.46,Hydrogen
NGTS-27,B9.5-A0,2.36,Hydrogen
NGTS-3,,0.18,Hydrogen
NGTS-30,,0.18,Hydrogen
NGTS-4,,1.57,Hydrogen
NGTS-5,,1.01,Hydrogen
NGTS-6,,5.86,Hydrogen
NGTS-8,,1.01,Hydrogen
NGTS-9,,1.24,Hydrogen
NN Ser,,0.89,Hydrogen
NSVS 14256825,,2.23,Hydrogen
nu Oct,,1.66,Hydrogen
nu Oph,,1.66,Hydrogen
NY Vir,,1.26,Hydrogen
OGLE-2003-BLG-235L,,1.03,Hydrogen
OGLE-2005-BLG-071L,,,Hydrogen
OGLE-2005-BLG-169L,,,Hydrogen
OGLE-2005-BLG-390L,,,Hydrogen
OGLE-2006-BLG-109L,,,Hydrogen
OGLE-2006-BLG-284L,,,Hydrogen
OGLE-2007-BLG-349L,,,Hydrogen
OGLE-2007-BLG-368L,,,Hydrogen
OGLE-2008-BLG-092L,,,Hydrogen
OGLE-2008-BLG-355L,,,Hydrogen
OGLE-2011-BLG-0173L,,,Hydrogen
OGLE-2011-BLG-0251L,,,Hydrogen
OGLE-2011-BLG-0265L,,,Hydrogen
OGLE-2012-BLG-0026L,,,Hydrogen
OGLE-2012-BLG-0358L,,,Hydrogen
OGLE-2012-BLG-0406L,,,Hydrogen
OGLE-2012-BLG-0563L,,,Hydrogen
OGLE-2012-BLG-0724L,,,Hydrogen
OGLE-2012-BLG-0838L,,,Hydrogen
OGLE-2012-BLG-0950L,,,Hydrogen
OGLE-2013-BLG-0102L,,,Hydrogen
OGLE-2013-BLG-0132L,,,Hydrogen
OGLE-2013-BLG-0341L,,,Hydrogen
OGLE-2013-BLG-0911L,,,Hydrogen
OGLE-2013-BLG-1721L,,,Hydrogen
OGLE-2013-BLG-1761L,,,Hydrogen
OGLE-2014-BLG-0124L,,,Hydrogen
OGLE-2014-BLG-0221L,,,Hydrogen
OGLE-2014-BLG-0319L,,,Hydrogen
OGLE-2014-BLG-0676L,M,,Hydrogen
OGLE-2014-BLG-1722L,,,Hydrogen
OGLE-2014-BLG-1760L,,,Hydrogen
OGLE-2015-BLG-0051L,,,Hydrogen
OGLE-2015-BLG-0954L,,,Hydrogen
OGLE-2015-BLG-0966L,,,Hydrogen
OGLE-2015-BLG-1649L,,,Hydrogen
OGLE-2015-BLG-1670L,,,Hydrogen
OGLE-2015-BLG-1771L,,,Hydrogen
OGLE-2016-BLG-0263L,,,Hydrogen
OGLE-2016-BLG-0613L,,,Hydrogen
OGLE-2016-BLG-1067L,,,Hydrogen
OGLE-2016-BLG-1093L,,,Hydrogen
OGLE-2016-BLG-1190L,,,Hydrogen
OGLE-2016-BLG-1195L,,,Hydrogen
OGLE-2016-BLG-1227L,,,Hydrogen
OGLE-2016-BLG-1598L,,,Hydrogen
OGLE-2016-BLG-1800L,,,Hydrogen
OGLE-2017-BLG-0173L,,,Hydrogen
OGLE-2017-BLG-0373L,,,Hydrogen
OGLE-2017-BLG-0406L,,,Hydrogen
OGLE-2017-BLG-0448L,,,Hydrogen
OGLE-2017-BLG-0482L,,,Hydrogen
OGLE-2017-BLG-0604L,,,Hydrogen
OGLE-2017-BLG-0640L,,,Hydrogen
OGLE-2017-BLG-1049L,,,Hydrogen
OGLE-2017-BLG-1099L,,,Hydrogen
OGLE-2017-BLG-1140L,,,Hydrogen
OGLE-2017-BLG-1237L,,,Hydrogen
OGLE-2017-BLG-1275L,,,Hydrogen
OGLE-2017-BLG-1375L,,,Hydrogen
OGLE-2017-BLG-1434L,K,,Hydrogen
OGLE-2017-BLG-1522L,M V,,Hydrogen
OGLE-2017-BLG-1691L,M V,,Hydrogen
OGLE-2017-BLG-1806L,,,Hydrogen
OGLE-2018-BLG-0298L,,,Hydrogen
OGLE-2018-BLG-0383L,,,Hydrogen
OGLE-2018-BLG-0506L,,,Hydrogen
OGLE-2018-BLG-0516L,,,Hydrogen
OGLE-2018-BLG-0532L,,,Hydrogen
OGLE-2018-BLG-0567L,,,Hydrogen
OGLE-2018-BLG-0596L,,,Hydrogen
OGLE-2018-BLG-0677L,,,Hydrogen
OGLE-2018-BLG-0740L,,,Hydrogen
OGLE-2018-BLG-0799L,,,Hydrogen
OGLE-2018-BLG-0932L,,,Hydrogen
OGLE-2018-BLG-0962L,,,Hydrogen
OGLE-2018-BLG-0977L,,,Hydrogen
OGLE-2018-BLG-1011L,,,Hydrogen
OGLE-2018-BLG-1119L,,,Hydrogen
OGLE-2018-BLG-1126L,,,Hydrogen
OGLE-2018-BLG-1185L,,,Hydrogen
OGLE-2018-BLG-1212L,,,Hydrogen
OGLE-2018-BLG-1269L,,,Hydrogen
OGLE-2018-BLG-1367L,,,Hydrogen
OGLE-2018-BLG-1428L,,,Hydrogen
OGLE-2018-BLG-1647L,,,Hydrogen
OGLE-2018-BLG-1700L,,,Hydrogen
OGLE-2019-BLG-0249L,,,Hydrogen
OGLE-2019-BLG-0299L,,,Hydrogen
OGLE-2019-BLG-0304L,,,Hydrogen
OGLE-2019-BLG-0362L,,,Hydrogen
OGLE-2019-BLG-0468L,,1.4,Hydrogen
OGLE-2019-BLG-0679L,,1.76,Hydrogen
OGLE-2019-BLG-0954L,G6 V,0.9,Hydrogen
OGLE-2019-BLG-0960L,G6 V,0.9,Hydrogen
OGLE-2019-BLG-1053L,,0.97,Hydrogen
OGLE-2019-BLG-1180L,,0.97,Hydrogen
OGLE-2019-BLG-1470L,,1.14,Hydrogen
OGLE-2019-BLG-1492L,,1.14,Hydrogen
OGLE-2023-BLG-0836L,,0.84,Hydrogen
OGLE2-TR-L9,,1.2,Hydrogen
OGLE-TR-10,,0.67,Hydrogen
OGLE-TR-111,,0.86,Hydrogen
OGLE-TR-113,,1.2,Hydrogen
OGLE-TR-132,,1.26,Hydrogen
OGLE-TR-182,,1.26,Hydrogen
OGLE-TR-211,,1.2,Hydrogen
OGLE-TR-56,,1.2,Hydrogen
ome Ser,,0.83,Hydrogen
omi CrB,,0.89,Hydrogen
omi UMa,,1.25,Hydrogen
Oph 11,,1.2,Hydrogen
PDS 70,,1.2,Hydrogen
PH1,,1.2,Hydrogen
PH2,,0.96,Hydrogen
POTS-1,,0.4,Hydrogen
Pr0201,,1.52,Hydrogen
Pr0211,,0.82,Hydrogen
psi1 Dra,,0.98,Hydrogen
PSR B0329+54,G,0.97,Hydrogen
PSR B1257+12,B,0.2,Hydrogen
PSR B1620-26,K6 V,0.79,Hydrogen
PSR J1719-1438,,1.52,Hydrogen
PSR J2322-2650,,1.52,Hydrogen
PZ Tel,,1.52,Hydrogen
Qatar-1,M2.0V,0.29,Hydrogen
Qatar-10,,1.06,Hydrogen
Qatar-2,,1.06,Hydrogen
Qatar-3,,1.06,Hydrogen
Qatar-4,,1.49,Hydrogen
Qatar-5,,1.49,Hydrogen
Qatar-6,,1.49,Hydrogen
Qatar-7,,1.51,Hydrogen
Qatar-8,,1.51,Hydrogen
Qatar-9,,0.88,Hydrogen
rho CrB,,0.94,Hydrogen
Ross 128,,3.39,Hydrogen
Ross 458,,1.06,Hydrogen
Ross 508,,0.74,Hydrogen
ROXs 12,,0.84,Hydrogen
ROXs 42,,1.57,Hydrogen
RR Cae,,1.17,Hydrogen
SPECULOOS-3,,0.7,Hydrogen
SR 12,,0.78,Hydrogen
SWEEPS-11,,0.57,Hydrogen
SWEEPS-4,G3 IV,1.56,Hydrogen
TAP 26,G3 IV,1.56,Hydrogen
tau Boo,G4 V,1.65,Hydrogen
tau Cet,G4 V,1.65,Hydrogen
tau Gem,,1.28,Hydrogen
TCP J05074264+2447555,,0.82,Hydrogen
Teegarden's Star,F8 V,1.61,Hydrogen
TIC 139270665,,0.88,Hydrogen
TIC 172900988,,0.76,Hydrogen
TIC 237913194,,0.84,Hydrogen
TIC 241249530,,1.81,Hydrogen
TIC 257060897,,1,Hydrogen
TIC 279401253,,1,Hydrogen
TIC 365102760,,0.88,Hydrogen
TIC 393818343,,0.67,Hydrogen
TIC 46432937,,0.72,Hydrogen
TIC 4672985,,0.72,Hydrogen
TOI-1052,,0.72,Hydrogen
TOI-1062,,0.72,Hydrogen
TOI-1064,,0.86,Hydrogen
TOI-1075,,0.89,Hydrogen
TOI-1107,,0.78,Hydrogen
TOI-1130,,1.13,Hydrogen
TOI-1135,,0.82,Hydrogen
TOI-1136,,0.87,Hydrogen
TOI-1173,,0.71,Hydrogen
TOI-1174,,0.92,Hydrogen
TOI-1180,,0.8,Hydrogen
TOI-1181,,0.97,Hydrogen
TOI-1184,,0.89,Hydrogen
TOI-1194,,0.78,Hydrogen
TOI-1199,,0.83,Hydrogen
TOI-1201,,0.82,Hydrogen
TOI-122,,0.74,Hydrogen
TOI-1221,,1.35,Hydrogen
TOI-1224,,1.35,Hydrogen
TOI-1227,,0.96,Hydrogen
TOI-1231,,1.08,Hydrogen
TOI-1235,,0.72,Hydrogen
TOI-1244,,0.9,Hydrogen
TOI-1246,,1.11,Hydrogen
TOI-1248,,1.13,Hydrogen
TOI-1249,,0.7,Hydrogen
TOI-125,,0.49,Hydrogen
TOI-1259,,1.13,Hydrogen
TOI-1260,,1.13,Hydrogen
TOI-1266,,0.85,Hydrogen
TOI-1268,,1.34,Hydrogen
TOI-1269,,0.94,Hydrogen
TOI-1272,,1.2,Hydrogen
TOI-1273,,0.69,Hydrogen
TOI-1278,,0.72,Hydrogen
TOI-1279,,1.04,Hydrogen
TOI-128,,1.04,Hydrogen
TOI-1288,,1.04,Hydrogen
TOI-1294,,0.99,Hydrogen
TOI-1295,,0.7,Hydrogen
TOI-1296,,1.14,Hydrogen
TOI-1298,,0.79,Hydrogen
TOI-1301,,0.93,Hydrogen
TOI-132,,0.93,Hydrogen
TOI-1333,,0.98,Hydrogen
TOI-1338,,0.93,Hydrogen
TOI-1347,,1.01,Hydrogen
TOI-1386,,1.45,Hydrogen
TOI-139,,1.45,Hydrogen
TOI-1408,,1.45,Hydrogen
TOI-1410,,0.81,Hydrogen
TOI-1411,,1,Hydrogen
TOI-1416,,1,Hydrogen
TOI-1420,,1.12,Hydrogen
TOI-1422,,0.57,Hydrogen
TOI-1431,,0.54,Hydrogen
TOI-1437,,0.74,Hydrogen
TOI-1439,,1.02,Hydrogen
TOI-1442,,0.92,Hydrogen
TOI-1443,,1.36,Hydrogen
TOI-1444,,2.19,Hydrogen
TOI-1448,,2.19,Hydrogen
TOI-1450,,1.16,Hydrogen
TOI-1451,,1.14,Hydrogen
TOI-1452,,0.77,Hydrogen
TOI-1467,,1.28,Hydrogen
TOI-1468,,1.14,Hydrogen
TOI-5218,,1.08,Hydrogen
TOI-5232,,0.66,Hydrogen
TOI-5238,,0.66,Hydrogen
TOI-5293,,0.94,Hydrogen
TOI-530,,1.08,Hydrogen
TOI-5301,,0.49,Hydrogen
TOI-5319,,1.39,Hydrogen
TOI-532,,1.39,Hydrogen
TOI-5344,,0.82,Hydrogen
TOI-5388,,1.01,Hydrogen
TOI-5398,,1.03,Hydrogen
TOI-540,,1.2,Hydrogen
TOI-544,,1.2,Hydrogen
TOI-5542,,0.92,Hydrogen
TOI-558,,0.63,Hydrogen
TOI-559,,0.79,Hydrogen
TOI-561,,0.99,Hydrogen
TOI-5616,,1.06,Hydrogen
TOI-5634,,1.06,Hydrogen
TOI-564,,1.06,Hydrogen
TOI-5678,,1.06,Hydrogen
TOI-5688,,1.15,Hydrogen
TOI-5704,,1.15,Hydrogen
TOI-5713,,1.34,Hydrogen
TOI-5720,,0.91,Hydrogen
TOI-5726,,0.94,Hydrogen
TOI-5786,,1.15,Hydrogen
TOI-5799,,1.41,Hydrogen
TOI-5803,,0.68,Hydrogen
TOI-6002,,1.17,Hydrogen
TOI-6008,,0.82,Hydrogen
TOI-6016,,0.84,Hydrogen
TOI-6029,,1.06,Hydrogen
TOI-6034,,1.16,Hydrogen
TOI-6038,,1.15,Hydrogen
TOI-6054,,0.7,Hydrogen
TOI-6086,,1.54,Hydrogen
TOI-6130,,1.17,Hydrogen
TOI-615,,0.83,Hydrogen
TOI-620,,1.73,Hydrogen
TOI-622,,0.93,Hydrogen
TOI-6255,,0.93,Hydrogen
TOI-628,,0.97,Hydrogen
TOI-6383,,1.17,Hydrogen
TOI-640,,0.84,Hydrogen
TOI-6442,,0.18,Hydrogen
TOI-654,,0.84,Hydrogen
TOI-663,,0.74,Hydrogen
TOI-6651,,0.9,Hydrogen
TOI-669,,0.34,Hydrogen
TOI-672,,0.94,Hydrogen
TOI-674,,0.93,Hydrogen
TOI-677,,0.92,Hydrogen
TOI-6963,G1 V,2.29,Hydrogen
TOI-700,,0.95,Hydrogen
TOI-712,,0.69,Hydrogen
TOI-715,,0.84,Hydrogen
TOI-733,,0.84,Hydrogen
TOI-757,,1.04,Hydrogen
TOI-762,,0.83,Hydrogen
TOI-763,,0.9,Hydrogen
TOI-771,,0.94,Hydrogen
TOI-776,,0.68,Hydrogen
TOI-778,,0.92,Hydrogen
TOI-782,,0.91,Hydrogen
TOI-813,M0 V,0.54,Hydrogen
TOI-815,M0 V,0.54,Hydrogen
TOI-824,,1.07,Hydrogen
TOI-833,,0.96,Hydrogen
TOI-836,,0.77,Hydrogen
TOI-837,,0.96,Hydrogen
TOI-849,,0.75,Hydrogen
TOI-858,,0.7,Hydrogen
TOI-871,,1.14,Hydrogen
TOI-880,,0.77,Hydrogen
TOI-892,,1.01,Hydrogen
TOI-904,,1.21,Hydrogen
TOI-905,,0.72,Hydrogen
TOI-907,,0.85,Hydrogen
TOI-908,,0.53,Hydrogen
TOI-913,,0.88,Hydrogen
TOI-942,,1.43,Hydrogen
TOI-954,,1.03,Hydrogen
TOI-969,,1,Hydrogen
TRAPPIST-1,,1.95,Hydrogen
TrES-1,,1.95,Hydrogen
TrES-2,,0.89,Hydrogen
TrES-3,,0.82,Hydrogen
TrES-4,,1.04,Hydrogen
TrES-5,,0.86,Hydrogen
TYC 0434-04538-1,,0.86,Hydrogen
TYC 1422-614-1,,1.35,Hydrogen
TYC 2187-512-1,,1.18,Hydrogen
TYC 3318-01333-1,,1.08,Hydrogen
TYC 3667-1280-1,,0.86,Hydrogen
TYC 4282-00605-1,,0.75,Hydrogen
TYC 8998-760-1,,0.82,Hydrogen
UCAC3 113-933,,1.02,Hydrogen
UCAC4 328-061594,,0.97,Hydrogen
UKIRT-2017-BLG-001L,,0.75,Hydrogen
ups And,,0.97,Hydrogen
ups Leo,,0.99,Hydrogen
USco CTIO 108,,0.81,Hydrogen
USco1556 A,,1.09,Hydrogen
USco1621 A,,1.09,Hydrogen
UZ For,,1.14,Hydrogen
V0391 Peg,,1.35,Hydrogen
V1298 Tau,,1.05,Hydrogen
V830 Tau,,0.93,Hydrogen
VHS J125601.92-125723.9,,1.09,Hydrogen
WASP-1,,1.06,Hydrogen
WASP-10,,1.16,Hydrogen
WASP-100,,0.84,Hydrogen
WASP-101,,0.84,Hydrogen
WASP-103,,0.72,Hydrogen
WASP-104,,0.81,Hydrogen
WASP-105,,0.83,Hydrogen
WASP-106,,1.21,Hydrogen
WASP-107,,0.92,Hydrogen
WASP-11,,0.97,Hydrogen
WASP-110,,0.72,Hydrogen
WASP-113,,0.9,Hydrogen
WASP-114,,1.17,Hydrogen
WASP-117,,1.48,Hydrogen
WASP-118,M0 V,0.53,Hydrogen
WASP-119,M0 V,0.53,Hydrogen
WASP-12,,0.7,Hydrogen
WASP-120,,1.24,Hydrogen
WASP-121,,1.04,Hydrogen
WASP-123,,0.61,Hydrogen
WASP-124,,1.03,Hydrogen
WASP-126,,0.81,Hydrogen
WASP-127,,1.06,Hydrogen
WASP-129,,0.76,Hydrogen
WASP-13,,1.38,Hydrogen
WASP-130,,0.7,Hydrogen
WASP-131,,0.7,Hydrogen
WASP-132,,0.92,Hydrogen
WASP-133,,1.21,Hydrogen
WASP-135,,0.8,Hydrogen
WASP-136,,0.93,Hydrogen
WASP-138,,0.98,Hydrogen
WASP-139,,1.08,Hydrogen
WASP-14,,1.1,Hydrogen
WASP-140,,1.94,Hydrogen
WASP-141,,1.22,Hydrogen
WASP-142,,1.22,Hydrogen
WASP-144,,1.22,Hydrogen
WASP-145,,1.22,Hydrogen
WASP-147,,0.95,Hydrogen
WASP-148,,0.99,Hydrogen
WASP-15,,0.8,Hydrogen
WASP-150,,0.75,Hydrogen
WASP-151,,1.22,Hydrogen
WASP-153,,1.19,Hydrogen
WASP-156,,1.02,Hydrogen
WASP-157,,0.95,Hydrogen
WASP-158,,0.74,Hydrogen
WASP-159,,0.51,Hydrogen
WASP-16,,1.26,Hydrogen
WASP-160,,1.26,Hydrogen
WASP-84,,1.08,Hydrogen
WASP-85,,1,Hydrogen
WASP-87,,0.89,Hydrogen
WASP-88,,1.25,Hydrogen
WASP-89,,0.76,Hydrogen
WASP-90,,0.9,Hydrogen
WASP-91,,0.82,Hydrogen
WASP-92,,0.9,Hydrogen
WASP-93,,1.48,Hydrogen
WASP-94,,1.57,Hydrogen
WASP-95,,0.64,Hydrogen
WASP-96,,0.64,Hydrogen
WASP-97,,0.96,Hydrogen
WASP-98,,0.8,Hydrogen
WASP-99,,0.74,Hydrogen
WD 0806-661,,0.94,Hydrogen
WD 1856+534,,1.77,Hydrogen
Wendelstein-1,,1.21,Hydrogen
Wendelstein-2,,1.28,Hydrogen
WISE J033605.05-014350.4,,0.83,Hydrogen
WISEP J121756.91+162640.2 A,,0.83,Hydrogen
Wolf 1061,M1 V,0.51,Hydrogen
Wolf 1069,,0.89,Hydrogen
Wolf 327,,1.09,Hydrogen
Wolf 503,,1.1,Hydrogen
WTS-1,,0.69,Hydrogen
WTS-2,,0.82,Hydrogen
xi Aql,,2,Hydrogen
XO-1,,0.75,Hydrogen
XO-2,,0.75,Hydrogen
XO-3,,1.36,Hydrogen
XO-4,,0.87,Hydrogen
XO-5,,0.99,Hydrogen
XO-6,,0.77,Hydrogen
XO-7,,1.36,Hydrogen
YSES 2,,1.36,Hydrogen
YZ Cet,,1.36,Hydrogen
